date,city_name,rainfall,quality,lat,long
1/01/2019,Perth,0,N,-31.96,115.79
2/01/2019,Perth,0,N,-31.96,115.79
3/01/2019,Perth,1.6,N,-31.96,115.79
4/01/2019,Perth,0,N,-31.96,115.79
5/01/2019,Perth,0,N,-31.96,115.79
6/01/2019,Perth,0,N,-31.96,115.79
7/01/2019,Perth,0,N,-31.96,115.79
8/01/2019,Perth,0,N,-31.96,115.79
9/01/2019,Perth,0,N,-31.96,115.79
10/01/2019,Perth,0,N,-31.96,115.79
11/01/2019,Perth,0,N,-31.96,115.79
12/01/2019,Perth,0,N,-31.96,115.79
13/01/2019,Perth,0,N,-31.96,115.79
14/01/2019,Perth,0,N,-31.96,115.79
15/01/2019,Perth,0,N,-31.96,115.79
16/01/2019,Perth,0,N,-31.96,115.79
17/01/2019,Perth,0,N,-31.96,115.79
18/01/2019,Perth,0,N,-31.96,115.79
19/01/2019,Perth,0,N,-31.96,115.79
20/01/2019,Perth,0,N,-31.96,115.79
21/01/2019,Perth,0,N,-31.96,115.79
22/01/2019,Perth,0,N,-31.96,115.79
23/01/2019,Perth,0,N,-31.96,115.79
24/01/2019,Perth,0,N,-31.96,115.79
25/01/2019,Perth,4,N,-31.96,115.79
26/01/2019,Perth,0,N,-31.96,115.79
27/01/2019,Perth,0,N,-31.96,115.79
28/01/2019,Perth,0,N,-31.96,115.79
29/01/2019,Perth,0,N,-31.96,115.79
30/01/2019,Perth,0,N,-31.96,115.79
31/01/2019,Perth,0,N,-31.96,115.79
1/02/2019,Perth,0,Y,-31.96,115.79
2/02/2019,Perth,0,Y,-31.96,115.79
3/02/2019,Perth,0,Y,-31.96,115.79
4/02/2019,Perth,0,Y,-31.96,115.79
5/02/2019,Perth,0,Y,-31.96,115.79
6/02/2019,Perth,0,Y,-31.96,115.79
7/02/2019,Perth,0.2,Y,-31.96,115.79
8/02/2019,Perth,0,Y,-31.96,115.79
9/02/2019,Perth,0,Y,-31.96,115.79
10/02/2019,Perth,0,Y,-31.96,115.79
11/02/2019,Perth,0,Y,-31.96,115.79
12/02/2019,Perth,0,Y,-31.96,115.79
13/02/2019,Perth,0,Y,-31.96,115.79
14/02/2019,Perth,0.1,Y,-31.96,115.79
15/02/2019,Perth,0,Y,-31.96,115.79
16/02/2019,Perth,0,Y,-31.96,115.79
17/02/2019,Perth,0,Y,-31.96,115.79
18/02/2019,Perth,0,Y,-31.96,115.79
19/02/2019,Perth,0,Y,-31.96,115.79
20/02/2019,Perth,0,Y,-31.96,115.79
21/02/2019,Perth,0,Y,-31.96,115.79
22/02/2019,Perth,0,Y,-31.96,115.79
23/02/2019,Perth,0,Y,-31.96,115.79
24/02/2019,Perth,0,Y,-31.96,115.79
25/02/2019,Perth,0,Y,-31.96,115.79
26/02/2019,Perth,0,Y,-31.96,115.79
27/02/2019,Perth,0,Y,-31.96,115.79
28/02/2019,Perth,0,Y,-31.96,115.79
1/03/2019,Perth,0,Y,-31.96,115.79
2/03/2019,Perth,0,Y,-31.96,115.79
3/03/2019,Perth,0,Y,-31.96,115.79
4/03/2019,Perth,0,Y,-31.96,115.79
5/03/2019,Perth,0,Y,-31.96,115.79
6/03/2019,Perth,0,Y,-31.96,115.79
7/03/2019,Perth,1.4,Y,-31.96,115.79
8/03/2019,Perth,4.6,Y,-31.96,115.79
9/03/2019,Perth,0.5,Y,-31.96,115.79
10/03/2019,Perth,0,Y,-31.96,115.79
11/03/2019,Perth,0,Y,-31.96,115.79
12/03/2019,Perth,0,Y,-31.96,115.79
13/03/2019,Perth,0,Y,-31.96,115.79
14/03/2019,Perth,0,Y,-31.96,115.79
15/03/2019,Perth,0,Y,-31.96,115.79
16/03/2019,Perth,0,Y,-31.96,115.79
17/03/2019,Perth,0,Y,-31.96,115.79
18/03/2019,Perth,0,Y,-31.96,115.79
19/03/2019,Perth,0,Y,-31.96,115.79
20/03/2019,Perth,0,Y,-31.96,115.79
21/03/2019,Perth,0,Y,-31.96,115.79
22/03/2019,Perth,0,Y,-31.96,115.79
23/03/2019,Perth,0,Y,-31.96,115.79
24/03/2019,Perth,0,Y,-31.96,115.79
25/03/2019,Perth,0,Y,-31.96,115.79
26/03/2019,Perth,0,Y,-31.96,115.79
27/03/2019,Perth,0,Y,-31.96,115.79
28/03/2019,Perth,0,Y,-31.96,115.79
29/03/2019,Perth,0,Y,-31.96,115.79
30/03/2019,Perth,0,Y,-31.96,115.79
31/03/2019,Perth,0,Y,-31.96,115.79
1/04/2019,Perth,0,Y,-31.96,115.79
2/04/2019,Perth,0,Y,-31.96,115.79
3/04/2019,Perth,0,Y,-31.96,115.79
4/04/2019,Perth,0,Y,-31.96,115.79
5/04/2019,Perth,1,Y,-31.96,115.79
6/04/2019,Perth,0,Y,-31.96,115.79
7/04/2019,Perth,0,Y,-31.96,115.79
8/04/2019,Perth,0,Y,-31.96,115.79
9/04/2019,Perth,0,Y,-31.96,115.79
10/04/2019,Perth,0,Y,-31.96,115.79
11/04/2019,Perth,0,Y,-31.96,115.79
12/04/2019,Perth,0,Y,-31.96,115.79
13/04/2019,Perth,0,Y,-31.96,115.79
14/04/2019,Perth,0,Y,-31.96,115.79
15/04/2019,Perth,1.6,Y,-31.96,115.79
16/04/2019,Perth,3.6,Y,-31.96,115.79
17/04/2019,Perth,3.2,Y,-31.96,115.79
18/04/2019,Perth,0,Y,-31.96,115.79
19/04/2019,Perth,17,Y,-31.96,115.79
20/04/2019,Perth,3.4,Y,-31.96,115.79
21/04/2019,Perth,0,Y,-31.96,115.79
22/04/2019,Perth,0,Y,-31.96,115.79
23/04/2019,Perth,0,Y,-31.96,115.79
24/04/2019,Perth,0,Y,-31.96,115.79
25/04/2019,Perth,0,Y,-31.96,115.79
26/04/2019,Perth,0,Y,-31.96,115.79
27/04/2019,Perth,0,Y,-31.96,115.79
28/04/2019,Perth,0,Y,-31.96,115.79
29/04/2019,Perth,0,Y,-31.96,115.79
30/04/2019,Perth,0,Y,-31.96,115.79
1/05/2019,Perth,0,Y,-31.96,115.79
2/05/2019,Perth,0,Y,-31.96,115.79
3/05/2019,Perth,0,Y,-31.96,115.79
4/05/2019,Perth,4.5,Y,-31.96,115.79
5/05/2019,Perth,0.2,Y,-31.96,115.79
6/05/2019,Perth,3.8,Y,-31.96,115.79
7/05/2019,Perth,0,Y,-31.96,115.79
8/05/2019,Perth,0,Y,-31.96,115.79
9/05/2019,Perth,0,Y,-31.96,115.79
10/05/2019,Perth,0,Y,-31.96,115.79
11/05/2019,Perth,0,Y,-31.96,115.79
12/05/2019,Perth,0,Y,-31.96,115.79
13/05/2019,Perth,0,Y,-31.96,115.79
14/05/2019,Perth,0,Y,-31.96,115.79
15/05/2019,Perth,0,Y,-31.96,115.79
16/05/2019,Perth,0,Y,-31.96,115.79
17/05/2019,Perth,3.2,Y,-31.96,115.79
18/05/2019,Perth,0,Y,-31.96,115.79
19/05/2019,Perth,0,Y,-31.96,115.79
20/05/2019,Perth,3.3,Y,-31.96,115.79
21/05/2019,Perth,1,Y,-31.96,115.79
22/05/2019,Perth,0,Y,-31.96,115.79
23/05/2019,Perth,0,Y,-31.96,115.79
24/05/2019,Perth,0,Y,-31.96,115.79
25/05/2019,Perth,0,Y,-31.96,115.79
26/05/2019,Perth,0,Y,-31.96,115.79
27/05/2019,Perth,0,Y,-31.96,115.79
28/05/2019,Perth,0,Y,-31.96,115.79
29/05/2019,Perth,0,Y,-31.96,115.79
30/05/2019,Perth,0,Y,-31.96,115.79
31/05/2019,Perth,0,Y,-31.96,115.79
1/06/2019,Perth,0,N,-31.96,115.79
2/06/2019,Perth,0,N,-31.96,115.79
3/06/2019,Perth,0,N,-31.96,115.79
4/06/2019,Perth,0,N,-31.96,115.79
5/06/2019,Perth,0,N,-31.96,115.79
6/06/2019,Perth,0,N,-31.96,115.79
7/06/2019,Perth,28,N,-31.96,115.79
8/06/2019,Perth,12.2,N,-31.96,115.79
9/06/2019,Perth,13,N,-31.96,115.79
10/06/2019,Perth,13,N,-31.96,115.79
11/06/2019,Perth,14.5,N,-31.96,115.79
12/06/2019,Perth,12.6,N,-31.96,115.79
13/06/2019,Perth,0.2,N,-31.96,115.79
14/06/2019,Perth,0.8,N,-31.96,115.79
15/06/2019,Perth,5,N,-31.96,115.79
16/06/2019,Perth,0.2,N,-31.96,115.79
17/06/2019,Perth,0,N,-31.96,115.79
18/06/2019,Perth,0,N,-31.96,115.79
19/06/2019,Perth,0,N,-31.96,115.79
20/06/2019,Perth,0,N,-31.96,115.79
21/06/2019,Perth,0,N,-31.96,115.79
22/06/2019,Perth,1,N,-31.96,115.79
23/06/2019,Perth,68,N,-31.96,115.79
24/06/2019,Perth,3.4,N,-31.96,115.79
25/06/2019,Perth,0,N,-31.96,115.79
26/06/2019,Perth,1.6,N,-31.96,115.79
27/06/2019,Perth,13.2,N,-31.96,115.79
28/06/2019,Perth,7.4,N,-31.96,115.79
29/06/2019,Perth,0,N,-31.96,115.79
30/06/2019,Perth,0,N,-31.96,115.79
1/07/2019,Perth,7,N,-31.96,115.79
2/07/2019,Perth,0.2,N,-31.96,115.79
3/07/2019,Perth,0,N,-31.96,115.79
4/07/2019,Perth,0,N,-31.96,115.79
5/07/2019,Perth,53,N,-31.96,115.79
6/07/2019,Perth,14.8,N,-31.96,115.79
7/07/2019,Perth,7.6,N,-31.96,115.79
8/07/2019,Perth,0,N,-31.96,115.79
9/07/2019,Perth,0,N,-31.96,115.79
10/07/2019,Perth,0,N,-31.96,115.79
11/07/2019,Perth,0,N,-31.96,115.79
12/07/2019,Perth,0,N,-31.96,115.79
13/07/2019,Perth,0,N,-31.96,115.79
14/07/2019,Perth,0,N,-31.96,115.79
15/07/2019,Perth,0,N,-31.96,115.79
16/07/2019,Perth,0,N,-31.96,115.79
17/07/2019,Perth,0,N,-31.96,115.79
18/07/2019,Perth,2,N,-31.96,115.79
19/07/2019,Perth,8.4,N,-31.96,115.79
20/07/2019,Perth,12.4,N,-31.96,115.79
21/07/2019,Perth,5,N,-31.96,115.79
22/07/2019,Perth,3,N,-31.96,115.79
23/07/2019,Perth,0.8,N,-31.96,115.79
24/07/2019,Perth,0.4,N,-31.96,115.79
25/07/2019,Perth,6.6,N,-31.96,115.79
26/07/2019,Perth,0,N,-31.96,115.79
27/07/2019,Perth,7.4,N,-31.96,115.79
28/07/2019,Perth,0,N,-31.96,115.79
29/07/2019,Perth,0,N,-31.96,115.79
30/07/2019,Perth,0,N,-31.96,115.79
31/07/2019,Perth,0,N,-31.96,115.79
1/08/2019,Perth,0,N,-31.96,115.79
2/08/2019,Perth,0,N,-31.96,115.79
3/08/2019,Perth,0,N,-31.96,115.79
4/08/2019,Perth,2,N,-31.96,115.79
5/08/2019,Perth,0.2,N,-31.96,115.79
6/08/2019,Perth,24.6,N,-31.96,115.79
7/08/2019,Perth,1.8,N,-31.96,115.79
8/08/2019,Perth,0,N,-31.96,115.79
9/08/2019,Perth,2,N,-31.96,115.79
10/08/2019,Perth,0.2,N,-31.96,115.79
11/08/2019,Perth,0,N,-31.96,115.79
12/08/2019,Perth,0,N,-31.96,115.79
13/08/2019,Perth,9,N,-31.96,115.79
14/08/2019,Perth,6.2,N,-31.96,115.79
15/08/2019,Perth,1.4,N,-31.96,115.79
16/08/2019,Perth,0,N,-31.96,115.79
17/08/2019,Perth,11.2,N,-31.96,115.79
18/08/2019,Perth,0,N,-31.96,115.79
19/08/2019,Perth,0,N,-31.96,115.79
20/08/2019,Perth,0,N,-31.96,115.79
21/08/2019,Perth,0,N,-31.96,115.79
22/08/2019,Perth,0,N,-31.96,115.79
23/08/2019,Perth,21.6,N,-31.96,115.79
24/08/2019,Perth,0.2,N,-31.96,115.79
25/08/2019,Perth,0,N,-31.96,115.79
26/08/2019,Perth,0,N,-31.96,115.79
27/08/2019,Perth,0,N,-31.96,115.79
28/08/2019,Perth,0,N,-31.96,115.79
29/08/2019,Perth,0,N,-31.96,115.79
30/08/2019,Perth,22.8,N,-31.96,115.79
31/08/2019,Perth,6.4,N,-31.96,115.79
1/09/2019,Perth,1,N,-31.96,115.79
2/09/2019,Perth,7,N,-31.96,115.79
3/09/2019,Perth,2.2,N,-31.96,115.79
4/09/2019,Perth,2.4,N,-31.96,115.79
5/09/2019,Perth,0,N,-31.96,115.79
6/09/2019,Perth,0,N,-31.96,115.79
7/09/2019,Perth,0,N,-31.96,115.79
8/09/2019,Perth,0,N,-31.96,115.79
9/09/2019,Perth,0,N,-31.96,115.79
10/09/2019,Perth,0,N,-31.96,115.79
11/09/2019,Perth,0,N,-31.96,115.79
12/09/2019,Perth,0,N,-31.96,115.79
13/09/2019,Perth,0.2,N,-31.96,115.79
14/09/2019,Perth,0.4,N,-31.96,115.79
15/09/2019,Perth,0,N,-31.96,115.79
16/09/2019,Perth,0,N,-31.96,115.79
17/09/2019,Perth,0,N,-31.96,115.79
18/09/2019,Perth,0,N,-31.96,115.79
19/09/2019,Perth,7.2,N,-31.96,115.79
20/09/2019,Perth,0,N,-31.96,115.79
21/09/2019,Perth,0,N,-31.96,115.79
22/09/2019,Perth,0,N,-31.96,115.79
23/09/2019,Perth,0,N,-31.96,115.79
24/09/2019,Perth,0,N,-31.96,115.79
25/09/2019,Perth,0.2,N,-31.96,115.79
26/09/2019,Perth,0.2,N,-31.96,115.79
27/09/2019,Perth,0,N,-31.96,115.79
28/09/2019,Perth,0,N,-31.96,115.79
29/09/2019,Perth,0,N,-31.96,115.79
30/09/2019,Perth,0,N,-31.96,115.79
1/10/2019,Perth,0.4,N,-31.96,115.79
2/10/2019,Perth,0,N,-31.96,115.79
3/10/2019,Perth,0,N,-31.96,115.79
4/10/2019,Perth,3,N,-31.96,115.79
5/10/2019,Perth,11,N,-31.96,115.79
6/10/2019,Perth,0,N,-31.96,115.79
7/10/2019,Perth,0,N,-31.96,115.79
8/10/2019,Perth,0,N,-31.96,115.79
9/10/2019,Perth,0,N,-31.96,115.79
10/10/2019,Perth,0.2,N,-31.96,115.79
11/10/2019,Perth,0,N,-31.96,115.79
12/10/2019,Perth,3.2,N,-31.96,115.79
13/10/2019,Perth,0,N,-31.96,115.79
14/10/2019,Perth,0.2,N,-31.96,115.79
15/10/2019,Perth,0,N,-31.96,115.79
16/10/2019,Perth,0,N,-31.96,115.79
17/10/2019,Perth,0,N,-31.96,115.79
18/10/2019,Perth,0,N,-31.96,115.79
19/10/2019,Perth,0,N,-31.96,115.79
20/10/2019,Perth,0,N,-31.96,115.79
21/10/2019,Perth,0,N,-31.96,115.79
22/10/2019,Perth,0,N,-31.96,115.79
23/10/2019,Perth,0,N,-31.96,115.79
24/10/2019,Perth,2.2,N,-31.96,115.79
25/10/2019,Perth,0,N,-31.96,115.79
26/10/2019,Perth,0,N,-31.96,115.79
27/10/2019,Perth,0,N,-31.96,115.79
28/10/2019,Perth,0,N,-31.96,115.79
29/10/2019,Perth,0,N,-31.96,115.79
30/10/2019,Perth,0,N,-31.96,115.79
31/10/2019,Perth,4.8,N,-31.96,115.79
1/11/2019,Perth,4,N,-31.96,115.79
2/11/2019,Perth,7,N,-31.96,115.79
3/11/2019,Perth,0.2,N,-31.96,115.79
4/11/2019,Perth,0,N,-31.96,115.79
5/11/2019,Perth,0,N,-31.96,115.79
6/11/2019,Perth,0,N,-31.96,115.79
7/11/2019,Perth,0,N,-31.96,115.79
8/11/2019,Perth,0,N,-31.96,115.79
9/11/2019,Perth,0,N,-31.96,115.79
10/11/2019,Perth,0,N,-31.96,115.79
11/11/2019,Perth,0,N,-31.96,115.79
12/11/2019,Perth,0,N,-31.96,115.79
13/11/2019,Perth,0,N,-31.96,115.79
14/11/2019,Perth,0,N,-31.96,115.79
15/11/2019,Perth,0,N,-31.96,115.79
16/11/2019,Perth,0,N,-31.96,115.79
17/11/2019,Perth,0.2,N,-31.96,115.79
18/11/2019,Perth,0,N,-31.96,115.79
19/11/2019,Perth,0,N,-31.96,115.79
20/11/2019,Perth,0.2,N,-31.96,115.79
21/11/2019,Perth,0,N,-31.96,115.79
22/11/2019,Perth,0,N,-31.96,115.79
23/11/2019,Perth,0,N,-31.96,115.79
24/11/2019,Perth,0,N,-31.96,115.79
25/11/2019,Perth,0,N,-31.96,115.79
26/11/2019,Perth,0,N,-31.96,115.79
27/11/2019,Perth,0,N,-31.96,115.79
28/11/2019,Perth,0,N,-31.96,115.79
29/11/2019,Perth,0,N,-31.96,115.79
30/11/2019,Perth,0,N,-31.96,115.79
1/12/2019,Perth,0,N,-31.96,115.79
2/12/2019,Perth,0,N,-31.96,115.79
3/12/2019,Perth,0,N,-31.96,115.79
4/12/2019,Perth,0,N,-31.96,115.79
5/12/2019,Perth,0,N,-31.96,115.79
6/12/2019,Perth,0,N,-31.96,115.79
7/12/2019,Perth,0,N,-31.96,115.79
8/12/2019,Perth,1,N,-31.96,115.79
9/12/2019,Perth,0,N,-31.96,115.79
10/12/2019,Perth,0,N,-31.96,115.79
11/12/2019,Perth,0,N,-31.96,115.79
12/12/2019,Perth,0,N,-31.96,115.79
13/12/2019,Perth,0,N,-31.96,115.79
14/12/2019,Perth,0,N,-31.96,115.79
15/12/2019,Perth,0,N,-31.96,115.79
16/12/2019,Perth,0,N,-31.96,115.79
17/12/2019,Perth,0,N,-31.96,115.79
18/12/2019,Perth,0,N,-31.96,115.79
19/12/2019,Perth,0,N,-31.96,115.79
20/12/2019,Perth,1.6,N,-31.96,115.79
21/12/2019,Perth,0,N,-31.96,115.79
22/12/2019,Perth,0,N,-31.96,115.79
23/12/2019,Perth,0,N,-31.96,115.79
24/12/2019,Perth,0,N,-31.96,115.79
25/12/2019,Perth,0,N,-31.96,115.79
26/12/2019,Perth,0,N,-31.96,115.79
27/12/2019,Perth,0,N,-31.96,115.79
28/12/2019,Perth,0,N,-31.96,115.79
29/12/2019,Perth,0,N,-31.96,115.79
30/12/2019,Perth,0,N,-31.96,115.79
31/12/2019,Perth,0,N,-31.96,115.79
1/01/2019,Adelaide,0,Y,-34.92,138.6
2/01/2019,Adelaide,0,Y,-34.92,138.6
3/01/2019,Adelaide,0,Y,-34.92,138.6
4/01/2019,Adelaide,0,Y,-34.92,138.6
5/01/2019,Adelaide,0,Y,-34.92,138.6
6/01/2019,Adelaide,0,Y,-34.92,138.6
7/01/2019,Adelaide,0,Y,-34.92,138.6
8/01/2019,Adelaide,0,Y,-34.92,138.6
9/01/2019,Adelaide,0,Y,-34.92,138.6
10/01/2019,Adelaide,0,Y,-34.92,138.6
11/01/2019,Adelaide,0,Y,-34.92,138.6
12/01/2019,Adelaide,0,Y,-34.92,138.6
13/01/2019,Adelaide,0,Y,-34.92,138.6
14/01/2019,Adelaide,0,Y,-34.92,138.6
15/01/2019,Adelaide,0,Y,-34.92,138.6
16/01/2019,Adelaide,0,Y,-34.92,138.6
17/01/2019,Adelaide,0,Y,-34.92,138.6
18/01/2019,Adelaide,0,Y,-34.92,138.6
19/01/2019,Adelaide,0,Y,-34.92,138.6
20/01/2019,Adelaide,0,Y,-34.92,138.6
21/01/2019,Adelaide,0,Y,-34.92,138.6
22/01/2019,Adelaide,0,Y,-34.92,138.6
23/01/2019,Adelaide,0,Y,-34.92,138.6
24/01/2019,Adelaide,0,Y,-34.92,138.6
25/01/2019,Adelaide,0,Y,-34.92,138.6
26/01/2019,Adelaide,0,Y,-34.92,138.6
27/01/2019,Adelaide,0,Y,-34.92,138.6
28/01/2019,Adelaide,0,Y,-34.92,138.6
29/01/2019,Adelaide,0,Y,-34.92,138.6
30/01/2019,Adelaide,0,Y,-34.92,138.6
31/01/2019,Adelaide,0,Y,-34.92,138.6
1/02/2019,Adelaide,0,Y,-34.92,138.6
2/02/2019,Adelaide,0,Y,-34.92,138.6
3/02/2019,Adelaide,0,Y,-34.92,138.6
4/02/2019,Adelaide,0,Y,-34.92,138.6
5/02/2019,Adelaide,0,Y,-34.92,138.6
6/02/2019,Adelaide,0,Y,-34.92,138.6
7/02/2019,Adelaide,0,Y,-34.92,138.6
8/02/2019,Adelaide,0,Y,-34.92,138.6
11/02/2019,Adelaide,3,Y,-34.92,138.6
12/02/2019,Adelaide,1.5,Y,-34.92,138.6
13/02/2019,Adelaide,3.8,Y,-34.92,138.6
14/02/2019,Adelaide,0,Y,-34.92,138.6
15/02/2019,Adelaide,0,Y,-34.92,138.6
16/02/2019,Adelaide,0,Y,-34.92,138.6
17/02/2019,Adelaide,0,Y,-34.92,138.6
18/02/2019,Adelaide,0,Y,-34.92,138.6
19/02/2019,Adelaide,0,Y,-34.92,138.6
20/02/2019,Adelaide,0,Y,-34.92,138.6
21/02/2019,Adelaide,0,Y,-34.92,138.6
22/02/2019,Adelaide,0,Y,-34.92,138.6
23/02/2019,Adelaide,0,Y,-34.92,138.6
24/02/2019,Adelaide,0,Y,-34.92,138.6
25/02/2019,Adelaide,0,Y,-34.92,138.6
26/02/2019,Adelaide,0,Y,-34.92,138.6
27/02/2019,Adelaide,0,Y,-34.92,138.6
28/02/2019,Adelaide,0,Y,-34.92,138.6
1/03/2019,Adelaide,0,Y,-34.92,138.6
2/03/2019,Adelaide,0,Y,-34.92,138.6
3/03/2019,Adelaide,0,Y,-34.92,138.6
4/03/2019,Adelaide,0.3,Y,-34.92,138.6
5/03/2019,Adelaide,0,Y,-34.92,138.6
6/03/2019,Adelaide,0,Y,-34.92,138.6
7/03/2019,Adelaide,0,Y,-34.92,138.6
8/03/2019,Adelaide,0,Y,-34.92,138.6
9/03/2019,Adelaide,0,Y,-34.92,138.6
10/03/2019,Adelaide,0,Y,-34.92,138.6
11/03/2019,Adelaide,0,Y,-34.92,138.6
12/03/2019,Adelaide,0,Y,-34.92,138.6
13/03/2019,Adelaide,0,Y,-34.92,138.6
14/03/2019,Adelaide,0,Y,-34.92,138.6
15/03/2019,Adelaide,0,Y,-34.92,138.6
16/03/2019,Adelaide,0,Y,-34.92,138.6
17/03/2019,Adelaide,0,Y,-34.92,138.6
18/03/2019,Adelaide,0,Y,-34.92,138.6
19/03/2019,Adelaide,0,Y,-34.92,138.6
20/03/2019,Adelaide,0,Y,-34.92,138.6
21/03/2019,Adelaide,0,Y,-34.92,138.6
22/03/2019,Adelaide,0,Y,-34.92,138.6
25/03/2019,Adelaide,0.8,Y,-34.92,138.6
26/03/2019,Adelaide,3,Y,-34.92,138.6
27/03/2019,Adelaide,0,Y,-34.92,138.6
28/03/2019,Adelaide,0,Y,-34.92,138.6
29/03/2019,Adelaide,0,Y,-34.92,138.6
30/03/2019,Adelaide,0,Y,-34.92,138.6
31/03/2019,Adelaide,0,Y,-34.92,138.6
1/04/2019,Adelaide,4,N,-34.92,138.6
2/04/2019,Adelaide,0,N,-34.92,138.6
3/04/2019,Adelaide,0,N,-34.92,138.6
4/04/2019,Adelaide,0,N,-34.92,138.6
5/04/2019,Adelaide,0,N,-34.92,138.6
6/04/2019,Adelaide,0,N,-34.92,138.6
7/04/2019,Adelaide,0,N,-34.92,138.6
8/04/2019,Adelaide,0,N,-34.92,138.6
9/04/2019,Adelaide,4,N,-34.92,138.6
10/04/2019,Adelaide,0,N,-34.92,138.6
11/04/2019,Adelaide,0,N,-34.92,138.6
12/04/2019,Adelaide,0,N,-34.92,138.6
15/04/2019,Adelaide,1.2,N,-34.92,138.6
16/04/2019,Adelaide,0,N,-34.92,138.6
17/04/2019,Adelaide,0,N,-34.92,138.6
18/04/2019,Adelaide,0,N,-34.92,138.6
19/04/2019,Adelaide,0,N,-34.92,138.6
20/04/2019,Adelaide,0,N,-34.92,138.6
21/04/2019,Adelaide,0,N,-34.92,138.6
22/04/2019,Adelaide,0,N,-34.92,138.6
23/04/2019,Adelaide,0.4,N,-34.92,138.6
24/04/2019,Adelaide,0,N,-34.92,138.6
25/04/2019,Adelaide,0,N,-34.92,138.6
26/04/2019,Adelaide,0.2,N,-34.92,138.6
27/04/2019,Adelaide,0,N,-34.92,138.6
28/04/2019,Adelaide,0,N,-34.92,138.6
29/04/2019,Adelaide,7,N,-34.92,138.6
30/04/2019,Adelaide,10,N,-34.92,138.6
1/05/2019,Adelaide,7.2,Y,-34.92,138.6
2/05/2019,Adelaide,10.1,Y,-34.92,138.6
3/05/2019,Adelaide,5.8,Y,-34.92,138.6
4/05/2019,Adelaide,0,Y,-34.92,138.6
5/05/2019,Adelaide,0,Y,-34.92,138.6
6/05/2019,Adelaide,0,Y,-34.92,138.6
7/05/2019,Adelaide,0,Y,-34.92,138.6
8/05/2019,Adelaide,19.4,Y,-34.92,138.6
9/05/2019,Adelaide,3.2,Y,-34.92,138.6
10/05/2019,Adelaide,0,Y,-34.92,138.6
11/05/2019,Adelaide,0,Y,-34.92,138.6
12/05/2019,Adelaide,0,Y,-34.92,138.6
13/05/2019,Adelaide,3.8,Y,-34.92,138.6
14/05/2019,Adelaide,0,Y,-34.92,138.6
15/05/2019,Adelaide,0,Y,-34.92,138.6
16/05/2019,Adelaide,0,Y,-34.92,138.6
17/05/2019,Adelaide,0,Y,-34.92,138.6
18/05/2019,Adelaide,0,Y,-34.92,138.6
19/05/2019,Adelaide,0,Y,-34.92,138.6
20/05/2019,Adelaide,4.9,Y,-34.92,138.6
21/05/2019,Adelaide,0,Y,-34.92,138.6
22/05/2019,Adelaide,0,Y,-34.92,138.6
23/05/2019,Adelaide,0,Y,-34.92,138.6
24/05/2019,Adelaide,0,Y,-34.92,138.6
25/05/2019,Adelaide,0,Y,-34.92,138.6
26/05/2019,Adelaide,0,Y,-34.92,138.6
27/05/2019,Adelaide,12.8,Y,-34.92,138.6
28/05/2019,Adelaide,0.4,Y,-34.92,138.6
29/05/2019,Adelaide,3,Y,-34.92,138.6
30/05/2019,Adelaide,1,Y,-34.92,138.6
3/06/2019,Adelaide,1.6,N,-34.92,138.6
4/06/2019,Adelaide,0.2,N,-34.92,138.6
5/06/2019,Adelaide,0,N,-34.92,138.6
6/06/2019,Adelaide,0,N,-34.92,138.6
7/06/2019,Adelaide,0,N,-34.92,138.6
8/06/2019,Adelaide,0,N,-34.92,138.6
11/06/2019,Adelaide,4.6,N,-34.92,138.6
12/06/2019,Adelaide,36.6,N,-34.92,138.6
13/06/2019,Adelaide,1.6,N,-34.92,138.6
14/06/2019,Adelaide,0.3,N,-34.92,138.6
18/06/2019,Adelaide,6,N,-34.92,138.6
19/06/2019,Adelaide,0,N,-34.92,138.6
20/06/2019,Adelaide,0,N,-34.92,138.6
21/06/2019,Adelaide,0,N,-34.92,138.6
22/06/2019,Adelaide,0,N,-34.92,138.6
23/06/2019,Adelaide,0,N,-34.92,138.6
24/06/2019,Adelaide,0,N,-34.92,138.6
25/06/2019,Adelaide,0,N,-34.92,138.6
26/06/2019,Adelaide,0,N,-34.92,138.6
27/06/2019,Adelaide,0,N,-34.92,138.6
28/06/2019,Adelaide,0,N,-34.92,138.6
2/07/2019,Adelaide,25.2,N,-34.92,138.6
3/07/2019,Adelaide,0,N,-34.92,138.6
4/07/2019,Adelaide,0,N,-34.92,138.6
5/07/2019,Adelaide,0,N,-34.92,138.6
6/07/2019,Adelaide,0,N,-34.92,138.6
8/07/2019,Adelaide,5,N,-34.92,138.6
9/07/2019,Adelaide,0,N,-34.92,138.6
10/07/2019,Adelaide,0,N,-34.92,138.6
11/07/2019,Adelaide,2.2,N,-34.92,138.6
12/07/2019,Adelaide,2.6,N,-34.92,138.6
15/07/2019,Adelaide,7.8,N,-34.92,138.6
16/07/2019,Adelaide,2,N,-34.92,138.6
17/07/2019,Adelaide,1.2,N,-34.92,138.6
18/07/2019,Adelaide,0.8,N,-34.92,138.6
19/07/2019,Adelaide,0,N,-34.92,138.6
20/07/2019,Adelaide,0,N,-34.92,138.6
21/07/2019,Adelaide,0,N,-34.92,138.6
22/07/2019,Adelaide,0,N,-34.92,138.6
23/07/2019,Adelaide,4,N,-34.92,138.6
24/07/2019,Adelaide,4.8,N,-34.92,138.6
25/07/2019,Adelaide,0,N,-34.92,138.6
26/07/2019,Adelaide,0,N,-34.92,138.6
27/07/2019,Adelaide,0,N,-34.92,138.6
29/07/2019,Adelaide,5.4,N,-34.92,138.6
30/07/2019,Adelaide,0,N,-34.92,138.6
31/07/2019,Adelaide,0,N,-34.92,138.6
1/08/2019,Adelaide,0,N,-34.92,138.6
2/08/2019,Adelaide,0,N,-34.92,138.6
3/08/2019,Adelaide,0,N,-34.92,138.6
4/08/2019,Adelaide,0,N,-34.92,138.6
5/08/2019,Adelaide,0,N,-34.92,138.6
6/08/2019,Adelaide,0,N,-34.92,138.6
7/08/2019,Adelaide,1.8,N,-34.92,138.6
8/08/2019,Adelaide,10,N,-34.92,138.6
9/08/2019,Adelaide,7.8,N,-34.92,138.6
12/08/2019,Adelaide,6.4,N,-34.92,138.6
13/08/2019,Adelaide,0,N,-34.92,138.6
14/08/2019,Adelaide,0,N,-34.92,138.6
15/08/2019,Adelaide,0,N,-34.92,138.6
16/08/2019,Adelaide,0,N,-34.92,138.6
19/08/2019,Adelaide,11.8,N,-34.92,138.6
21/08/2019,Adelaide,1,N,-34.92,138.6
22/08/2019,Adelaide,0,N,-34.92,138.6
23/08/2019,Adelaide,0,N,-34.92,138.6
24/08/2019,Adelaide,0,N,-34.92,138.6
25/08/2019,Adelaide,0,N,-34.92,138.6
26/08/2019,Adelaide,0,N,-34.92,138.6
27/08/2019,Adelaide,0,N,-34.92,138.6
28/08/2019,Adelaide,0,N,-34.92,138.6
29/08/2019,Adelaide,0,N,-34.92,138.6
30/08/2019,Adelaide,0,N,-34.92,138.6
2/09/2019,Adelaide,5,N,-34.92,138.6
3/09/2019,Adelaide,0,N,-34.92,138.6
4/09/2019,Adelaide,2.6,N,-34.92,138.6
5/09/2019,Adelaide,2,N,-34.92,138.6
6/09/2019,Adelaide,2,N,-34.92,138.6
9/09/2019,Adelaide,6.8,N,-34.92,138.6
10/09/2019,Adelaide,0,N,-34.92,138.6
11/09/2019,Adelaide,0,N,-34.92,138.6
12/09/2019,Adelaide,0,N,-34.92,138.6
13/09/2019,Adelaide,0,N,-34.92,138.6
16/09/2019,Adelaide,2.6,N,-34.92,138.6
17/09/2019,Adelaide,0,N,-34.92,138.6
18/09/2019,Adelaide,0,N,-34.92,138.6
19/09/2019,Adelaide,0,N,-34.92,138.6
20/09/2019,Adelaide,0,N,-34.92,138.6
23/09/2019,Adelaide,19.8,N,-34.92,138.6
24/09/2019,Adelaide,0.2,N,-34.92,138.6
25/09/2019,Adelaide,0,N,-34.92,138.6
26/09/2019,Adelaide,0,N,-34.92,138.6
27/09/2019,Adelaide,0,N,-34.92,138.6
28/09/2019,Adelaide,0,N,-34.92,138.6
29/09/2019,Adelaide,0,N,-34.92,138.6
30/09/2019,Adelaide,0,N,-34.92,138.6
1/10/2019,Adelaide,0,N,-34.92,138.6
2/10/2019,Adelaide,0,N,-34.92,138.6
3/10/2019,Adelaide,0,N,-34.92,138.6
4/10/2019,Adelaide,0,N,-34.92,138.6
7/10/2019,Adelaide,0.4,N,-34.92,138.6
8/10/2019,Adelaide,0,N,-34.92,138.6
9/10/2019,Adelaide,0,N,-34.92,138.6
10/10/2019,Adelaide,0,N,-34.92,138.6
11/10/2019,Adelaide,0,N,-34.92,138.6
14/10/2019,Adelaide,2.6,N,-34.92,138.6
15/10/2019,Adelaide,0,N,-34.92,138.6
16/10/2019,Adelaide,7.2,N,-34.92,138.6
17/10/2019,Adelaide,2.8,N,-34.92,138.6
18/10/2019,Adelaide,0,N,-34.92,138.6
21/10/2019,Adelaide,1.8,N,-34.92,138.6
22/10/2019,Adelaide,0,N,-34.92,138.6
23/10/2019,Adelaide,0,N,-34.92,138.6
24/10/2019,Adelaide,0,N,-34.92,138.6
25/10/2019,Adelaide,0,N,-34.92,138.6
28/10/2019,Adelaide,1.6,N,-34.92,138.6
29/10/2019,Adelaide,0,N,-34.92,138.6
30/10/2019,Adelaide,0,N,-34.92,138.6
31/10/2019,Adelaide,0,N,-34.92,138.6
1/11/2019,Adelaide,0,N,-34.92,138.6
2/11/2019,Adelaide,9.3,N,-34.92,138.6
4/11/2019,Adelaide,0.4,N,-34.92,138.6
5/11/2019,Adelaide,0,N,-34.92,138.6
6/11/2019,Adelaide,0,N,-34.92,138.6
7/11/2019,Adelaide,0,N,-34.92,138.6
8/11/2019,Adelaide,2,N,-34.92,138.6
9/11/2019,Adelaide,0,N,-34.92,138.6
10/11/2019,Adelaide,0,N,-34.92,138.6
11/11/2019,Adelaide,0,N,-34.92,138.6
12/11/2019,Adelaide,0,N,-34.92,138.6
13/11/2019,Adelaide,0,N,-34.92,138.6
14/11/2019,Adelaide,0.4,N,-34.92,138.6
15/11/2019,Adelaide,0,N,-34.92,138.6
16/11/2019,Adelaide,0,N,-34.92,138.6
17/11/2019,Adelaide,0,N,-34.92,138.6
18/11/2019,Adelaide,0,N,-34.92,138.6
19/11/2019,Adelaide,0,N,-34.92,138.6
20/11/2019,Adelaide,0,N,-34.92,138.6
21/11/2019,Adelaide,0,N,-34.92,138.6
22/11/2019,Adelaide,0,N,-34.92,138.6
23/11/2019,Adelaide,0,N,-34.92,138.6
24/11/2019,Adelaide,0,N,-34.92,138.6
25/11/2019,Adelaide,0,N,-34.92,138.6
26/11/2019,Adelaide,0,N,-34.92,138.6
27/11/2019,Adelaide,0,N,-34.92,138.6
28/11/2019,Adelaide,0,N,-34.92,138.6
29/11/2019,Adelaide,0,N,-34.92,138.6
30/11/2019,Adelaide,1.6,N,-34.92,138.6
1/12/2019,Adelaide,2,N,-34.92,138.6
2/12/2019,Adelaide,5,N,-34.92,138.6
1/01/2019,Brisbane,0,N,-27.48,153.04
2/01/2019,Brisbane,0,N,-27.48,153.04
3/01/2019,Brisbane,8.4,N,-27.48,153.04
4/01/2019,Brisbane,7,N,-27.48,153.04
5/01/2019,Brisbane,0.2,N,-27.48,153.04
6/01/2019,Brisbane,0,N,-27.48,153.04
7/01/2019,Brisbane,7.6,N,-27.48,153.04
8/01/2019,Brisbane,2,N,-27.48,153.04
9/01/2019,Brisbane,0,N,-27.48,153.04
10/01/2019,Brisbane,0.6,N,-27.48,153.04
11/01/2019,Brisbane,0,N,-27.48,153.04
12/01/2019,Brisbane,0,N,-27.48,153.04
13/01/2019,Brisbane,0,N,-27.48,153.04
14/01/2019,Brisbane,0,N,-27.48,153.04
15/01/2019,Brisbane,0,N,-27.48,153.04
16/01/2019,Brisbane,0,N,-27.48,153.04
17/01/2019,Brisbane,0,N,-27.48,153.04
18/01/2019,Brisbane,0,N,-27.48,153.04
19/01/2019,Brisbane,0,N,-27.48,153.04
20/01/2019,Brisbane,0,N,-27.48,153.04
21/01/2019,Brisbane,0,N,-27.48,153.04
22/01/2019,Brisbane,0,N,-27.48,153.04
23/01/2019,Brisbane,0,N,-27.48,153.04
25/01/2019,Brisbane,0.6,N,-27.48,153.04
26/01/2019,Brisbane,0.2,N,-27.48,153.04
27/01/2019,Brisbane,0,N,-27.48,153.04
28/01/2019,Brisbane,0,N,-27.48,153.04
29/01/2019,Brisbane,1,N,-27.48,153.04
30/01/2019,Brisbane,0,N,-27.48,153.04
31/01/2019,Brisbane,0,N,-27.48,153.04
1/02/2019,Brisbane,0,N,-27.48,153.04
2/02/2019,Brisbane,1,N,-27.48,153.04
3/02/2019,Brisbane,1.4,N,-27.48,153.04
4/02/2019,Brisbane,3,N,-27.48,153.04
5/02/2019,Brisbane,2.8,N,-27.48,153.04
6/02/2019,Brisbane,17.2,N,-27.48,153.04
7/02/2019,Brisbane,8.2,N,-27.48,153.04
8/02/2019,Brisbane,2.6,N,-27.48,153.04
9/02/2019,Brisbane,0.2,N,-27.48,153.04
10/02/2019,Brisbane,0,N,-27.48,153.04
11/02/2019,Brisbane,0,N,-27.48,153.04
12/02/2019,Brisbane,0,N,-27.48,153.04
13/02/2019,Brisbane,0.8,N,-27.48,153.04
14/02/2019,Brisbane,0,N,-27.48,153.04
15/02/2019,Brisbane,0,N,-27.48,153.04
16/02/2019,Brisbane,0,N,-27.48,153.04
17/02/2019,Brisbane,0,N,-27.48,153.04
18/02/2019,Brisbane,0,N,-27.48,153.04
19/02/2019,Brisbane,0,N,-27.48,153.04
20/02/2019,Brisbane,0,N,-27.48,153.04
21/02/2019,Brisbane,0,N,-27.48,153.04
22/02/2019,Brisbane,0.2,N,-27.48,153.04
23/02/2019,Brisbane,0,N,-27.48,153.04
24/02/2019,Brisbane,0,N,-27.48,153.04
25/02/2019,Brisbane,0.2,N,-27.48,153.04
26/02/2019,Brisbane,0.2,N,-27.48,153.04
27/02/2019,Brisbane,0,N,-27.48,153.04
28/02/2019,Brisbane,0.2,N,-27.48,153.04
1/03/2019,Brisbane,1.2,N,-27.48,153.04
2/03/2019,Brisbane,4.8,N,-27.48,153.04
3/03/2019,Brisbane,3.2,N,-27.48,153.04
4/03/2019,Brisbane,1.2,N,-27.48,153.04
5/03/2019,Brisbane,0,N,-27.48,153.04
6/03/2019,Brisbane,0.2,N,-27.48,153.04
7/03/2019,Brisbane,0,N,-27.48,153.04
8/03/2019,Brisbane,4.4,N,-27.48,153.04
9/03/2019,Brisbane,0,N,-27.48,153.04
10/03/2019,Brisbane,0,N,-27.48,153.04
11/03/2019,Brisbane,0,N,-27.48,153.04
12/03/2019,Brisbane,0.2,N,-27.48,153.04
13/03/2019,Brisbane,0,N,-27.48,153.04
14/03/2019,Brisbane,0,N,-27.48,153.04
15/03/2019,Brisbane,4.2,N,-27.48,153.04
16/03/2019,Brisbane,39.6,N,-27.48,153.04
17/03/2019,Brisbane,54,N,-27.48,153.04
18/03/2019,Brisbane,18.4,N,-27.48,153.04
19/03/2019,Brisbane,18.8,N,-27.48,153.04
20/03/2019,Brisbane,0,N,-27.48,153.04
21/03/2019,Brisbane,0,N,-27.48,153.04
22/03/2019,Brisbane,0,N,-27.48,153.04
23/03/2019,Brisbane,0,N,-27.48,153.04
24/03/2019,Brisbane,0,N,-27.48,153.04
25/03/2019,Brisbane,0,N,-27.48,153.04
26/03/2019,Brisbane,0,N,-27.48,153.04
27/03/2019,Brisbane,0.4,N,-27.48,153.04
28/03/2019,Brisbane,18,N,-27.48,153.04
29/03/2019,Brisbane,1.2,N,-27.48,153.04
30/03/2019,Brisbane,6.6,N,-27.48,153.04
31/03/2019,Brisbane,4.6,N,-27.48,153.04
1/04/2019,Brisbane,0,N,-27.48,153.04
2/04/2019,Brisbane,0,N,-27.48,153.04
3/04/2019,Brisbane,4,N,-27.48,153.04
4/04/2019,Brisbane,6.2,N,-27.48,153.04
5/04/2019,Brisbane,1,N,-27.48,153.04
6/04/2019,Brisbane,0,N,-27.48,153.04
7/04/2019,Brisbane,0,N,-27.48,153.04
8/04/2019,Brisbane,0,N,-27.48,153.04
9/04/2019,Brisbane,0,N,-27.48,153.04
10/04/2019,Brisbane,0,N,-27.48,153.04
11/04/2019,Brisbane,0,N,-27.48,153.04
12/04/2019,Brisbane,0,N,-27.48,153.04
13/04/2019,Brisbane,3.2,N,-27.48,153.04
14/04/2019,Brisbane,0,N,-27.48,153.04
15/04/2019,Brisbane,0,N,-27.48,153.04
16/04/2019,Brisbane,0,N,-27.48,153.04
17/04/2019,Brisbane,0.8,N,-27.48,153.04
18/04/2019,Brisbane,0.2,N,-27.48,153.04
19/04/2019,Brisbane,0.4,N,-27.48,153.04
20/04/2019,Brisbane,11,N,-27.48,153.04
21/04/2019,Brisbane,11,N,-27.48,153.04
22/04/2019,Brisbane,1.4,N,-27.48,153.04
23/04/2019,Brisbane,3.4,N,-27.48,153.04
24/04/2019,Brisbane,0,N,-27.48,153.04
25/04/2019,Brisbane,0,N,-27.48,153.04
26/04/2019,Brisbane,0,N,-27.48,153.04
27/04/2019,Brisbane,0,N,-27.48,153.04
28/04/2019,Brisbane,0,N,-27.48,153.04
29/04/2019,Brisbane,0,N,-27.48,153.04
30/04/2019,Brisbane,0,N,-27.48,153.04
1/05/2019,Brisbane,2.2,N,-27.48,153.04
2/05/2019,Brisbane,1.2,N,-27.48,153.04
3/05/2019,Brisbane,0.6,N,-27.48,153.04
4/05/2019,Brisbane,0,N,-27.48,153.04
5/05/2019,Brisbane,5.2,N,-27.48,153.04
6/05/2019,Brisbane,0,N,-27.48,153.04
7/05/2019,Brisbane,0,N,-27.48,153.04
8/05/2019,Brisbane,0,N,-27.48,153.04
9/05/2019,Brisbane,0,N,-27.48,153.04
10/05/2019,Brisbane,0,N,-27.48,153.04
11/05/2019,Brisbane,1.2,N,-27.48,153.04
12/05/2019,Brisbane,0,N,-27.48,153.04
13/05/2019,Brisbane,0,N,-27.48,153.04
14/05/2019,Brisbane,0,N,-27.48,153.04
15/05/2019,Brisbane,3.4,N,-27.48,153.04
16/05/2019,Brisbane,0,N,-27.48,153.04
17/05/2019,Brisbane,10,N,-27.48,153.04
18/05/2019,Brisbane,1.6,N,-27.48,153.04
19/05/2019,Brisbane,0,N,-27.48,153.04
20/05/2019,Brisbane,0,N,-27.48,153.04
21/05/2019,Brisbane,0,N,-27.48,153.04
22/05/2019,Brisbane,0,N,-27.48,153.04
23/05/2019,Brisbane,0,N,-27.48,153.04
24/05/2019,Brisbane,0,N,-27.48,153.04
25/05/2019,Brisbane,0,N,-27.48,153.04
26/05/2019,Brisbane,0,N,-27.48,153.04
27/05/2019,Brisbane,0,N,-27.48,153.04
28/05/2019,Brisbane,0,N,-27.48,153.04
29/05/2019,Brisbane,0,N,-27.48,153.04
30/05/2019,Brisbane,0,N,-27.48,153.04
31/05/2019,Brisbane,0,N,-27.48,153.04
1/06/2019,Brisbane,0,N,-27.48,153.04
2/06/2019,Brisbane,0,N,-27.48,153.04
3/06/2019,Brisbane,4,N,-27.48,153.04
4/06/2019,Brisbane,0,N,-27.48,153.04
5/06/2019,Brisbane,0,N,-27.48,153.04
6/06/2019,Brisbane,0,N,-27.48,153.04
7/06/2019,Brisbane,0,N,-27.48,153.04
8/06/2019,Brisbane,2.2,N,-27.48,153.04
9/06/2019,Brisbane,3.8,N,-27.48,153.04
10/06/2019,Brisbane,0.2,N,-27.48,153.04
11/06/2019,Brisbane,0,N,-27.48,153.04
12/06/2019,Brisbane,0,N,-27.48,153.04
13/06/2019,Brisbane,0,N,-27.48,153.04
14/06/2019,Brisbane,0,N,-27.48,153.04
15/06/2019,Brisbane,0,N,-27.48,153.04
16/06/2019,Brisbane,0,N,-27.48,153.04
17/06/2019,Brisbane,20.6,N,-27.48,153.04
18/06/2019,Brisbane,0,N,-27.48,153.04
19/06/2019,Brisbane,0,N,-27.48,153.04
20/06/2019,Brisbane,0,N,-27.48,153.04
21/06/2019,Brisbane,0,N,-27.48,153.04
22/06/2019,Brisbane,0,N,-27.48,153.04
23/06/2019,Brisbane,0,N,-27.48,153.04
24/06/2019,Brisbane,0,N,-27.48,153.04
25/06/2019,Brisbane,0,N,-27.48,153.04
27/06/2019,Brisbane,4.8,N,-27.48,153.04
28/06/2019,Brisbane,3.8,N,-27.48,153.04
29/06/2019,Brisbane,1.2,N,-27.48,153.04
30/06/2019,Brisbane,0.6,N,-27.48,153.04
1/07/2019,Brisbane,0,N,-27.48,153.04
2/07/2019,Brisbane,0.2,N,-27.48,153.04
3/07/2019,Brisbane,0,N,-27.48,153.04
4/07/2019,Brisbane,0,N,-27.48,153.04
5/07/2019,Brisbane,4.2,N,-27.48,153.04
6/07/2019,Brisbane,4.4,N,-27.48,153.04
7/07/2019,Brisbane,4.6,N,-27.48,153.04
8/07/2019,Brisbane,0.2,N,-27.48,153.04
9/07/2019,Brisbane,0.8,N,-27.48,153.04
10/07/2019,Brisbane,0,N,-27.48,153.04
11/07/2019,Brisbane,0,N,-27.48,153.04
12/07/2019,Brisbane,0,N,-27.48,153.04
13/07/2019,Brisbane,0,N,-27.48,153.04
14/07/2019,Brisbane,0,N,-27.48,153.04
15/07/2019,Brisbane,0,N,-27.48,153.04
16/07/2019,Brisbane,0,N,-27.48,153.04
17/07/2019,Brisbane,0,N,-27.48,153.04
18/07/2019,Brisbane,0,N,-27.48,153.04
19/07/2019,Brisbane,0,N,-27.48,153.04
20/07/2019,Brisbane,0,N,-27.48,153.04
21/07/2019,Brisbane,0,N,-27.48,153.04
22/07/2019,Brisbane,0,N,-27.48,153.04
23/07/2019,Brisbane,0,N,-27.48,153.04
24/07/2019,Brisbane,0,N,-27.48,153.04
25/07/2019,Brisbane,0,N,-27.48,153.04
26/07/2019,Brisbane,0,N,-27.48,153.04
27/07/2019,Brisbane,0,N,-27.48,153.04
28/07/2019,Brisbane,0,N,-27.48,153.04
29/07/2019,Brisbane,0,N,-27.48,153.04
30/07/2019,Brisbane,0,N,-27.48,153.04
31/07/2019,Brisbane,0,N,-27.48,153.04
1/08/2019,Brisbane,0,N,-27.48,153.04
2/08/2019,Brisbane,0,N,-27.48,153.04
3/08/2019,Brisbane,0,N,-27.48,153.04
4/08/2019,Brisbane,0,N,-27.48,153.04
5/08/2019,Brisbane,0,N,-27.48,153.04
6/08/2019,Brisbane,0,N,-27.48,153.04
7/08/2019,Brisbane,0,N,-27.48,153.04
8/08/2019,Brisbane,2.8,N,-27.48,153.04
9/08/2019,Brisbane,0.2,N,-27.48,153.04
10/08/2019,Brisbane,0,N,-27.48,153.04
11/08/2019,Brisbane,0,N,-27.48,153.04
12/08/2019,Brisbane,0,N,-27.48,153.04
13/08/2019,Brisbane,0,N,-27.48,153.04
14/08/2019,Brisbane,0,N,-27.48,153.04
15/08/2019,Brisbane,0,N,-27.48,153.04
16/08/2019,Brisbane,0,N,-27.48,153.04
17/08/2019,Brisbane,0,N,-27.48,153.04
18/08/2019,Brisbane,0,N,-27.48,153.04
19/08/2019,Brisbane,0,N,-27.48,153.04
20/08/2019,Brisbane,0,N,-27.48,153.04
21/08/2019,Brisbane,0,N,-27.48,153.04
22/08/2019,Brisbane,0,N,-27.48,153.04
23/08/2019,Brisbane,0,N,-27.48,153.04
24/08/2019,Brisbane,0,N,-27.48,153.04
25/08/2019,Brisbane,0,N,-27.48,153.04
26/08/2019,Brisbane,0,N,-27.48,153.04
27/08/2019,Brisbane,0,N,-27.48,153.04
28/08/2019,Brisbane,0.2,N,-27.48,153.04
29/08/2019,Brisbane,0,N,-27.48,153.04
30/08/2019,Brisbane,0,N,-27.48,153.04
31/08/2019,Brisbane,0,N,-27.48,153.04
1/09/2019,Brisbane,0,N,-27.48,153.04
2/09/2019,Brisbane,0,N,-27.48,153.04
3/09/2019,Brisbane,0,N,-27.48,153.04
4/09/2019,Brisbane,0,N,-27.48,153.04
5/09/2019,Brisbane,0,N,-27.48,153.04
6/09/2019,Brisbane,0,N,-27.48,153.04
7/09/2019,Brisbane,0,N,-27.48,153.04
8/09/2019,Brisbane,0,N,-27.48,153.04
9/09/2019,Brisbane,0,N,-27.48,153.04
10/09/2019,Brisbane,0,N,-27.48,153.04
11/09/2019,Brisbane,0,N,-27.48,153.04
12/09/2019,Brisbane,0,N,-27.48,153.04
13/09/2019,Brisbane,0,N,-27.48,153.04
14/09/2019,Brisbane,0,N,-27.48,153.04
15/09/2019,Brisbane,0,N,-27.48,153.04
16/09/2019,Brisbane,0,N,-27.48,153.04
17/09/2019,Brisbane,0,N,-27.48,153.04
18/09/2019,Brisbane,3.8,N,-27.48,153.04
19/09/2019,Brisbane,0.2,N,-27.48,153.04
20/09/2019,Brisbane,0,N,-27.48,153.04
21/09/2019,Brisbane,4.4,N,-27.48,153.04
22/09/2019,Brisbane,0.2,N,-27.48,153.04
23/09/2019,Brisbane,0,N,-27.48,153.04
24/09/2019,Brisbane,0,N,-27.48,153.04
25/09/2019,Brisbane,0,N,-27.48,153.04
26/09/2019,Brisbane,0,N,-27.48,153.04
27/09/2019,Brisbane,0,N,-27.48,153.04
28/09/2019,Brisbane,0,N,-27.48,153.04
29/09/2019,Brisbane,0,N,-27.48,153.04
30/09/2019,Brisbane,0.2,N,-27.48,153.04
1/10/2019,Brisbane,0,N,-27.48,153.04
2/10/2019,Brisbane,0.6,N,-27.48,153.04
3/10/2019,Brisbane,0,N,-27.48,153.04
4/10/2019,Brisbane,0,N,-27.48,153.04
5/10/2019,Brisbane,0,N,-27.48,153.04
6/10/2019,Brisbane,0,N,-27.48,153.04
7/10/2019,Brisbane,0,N,-27.48,153.04
8/10/2019,Brisbane,0,N,-27.48,153.04
9/10/2019,Brisbane,0,N,-27.48,153.04
10/10/2019,Brisbane,0,N,-27.48,153.04
11/10/2019,Brisbane,0,N,-27.48,153.04
12/10/2019,Brisbane,29.2,N,-27.48,153.04
13/10/2019,Brisbane,1.8,N,-27.48,153.04
14/10/2019,Brisbane,0,N,-27.48,153.04
15/10/2019,Brisbane,1.2,N,-27.48,153.04
16/10/2019,Brisbane,0,N,-27.48,153.04
17/10/2019,Brisbane,0,N,-27.48,153.04
18/10/2019,Brisbane,7,N,-27.48,153.04
19/10/2019,Brisbane,0,N,-27.48,153.04
20/10/2019,Brisbane,15.2,N,-27.48,153.04
21/10/2019,Brisbane,0,N,-27.48,153.04
22/10/2019,Brisbane,0,N,-27.48,153.04
23/10/2019,Brisbane,0,N,-27.48,153.04
24/10/2019,Brisbane,0,N,-27.48,153.04
25/10/2019,Brisbane,0,N,-27.48,153.04
26/10/2019,Brisbane,0,N,-27.48,153.04
27/10/2019,Brisbane,0,N,-27.48,153.04
28/10/2019,Brisbane,0,N,-27.48,153.04
29/10/2019,Brisbane,0,N,-27.48,153.04
30/10/2019,Brisbane,0,N,-27.48,153.04
31/10/2019,Brisbane,0,N,-27.48,153.04
1/11/2019,Brisbane,0,N,-27.48,153.04
2/11/2019,Brisbane,7,N,-27.48,153.04
3/11/2019,Brisbane,1.8,N,-27.48,153.04
4/11/2019,Brisbane,0.4,N,-27.48,153.04
5/11/2019,Brisbane,0.4,N,-27.48,153.04
6/11/2019,Brisbane,0,N,-27.48,153.04
7/11/2019,Brisbane,0,N,-27.48,153.04
8/11/2019,Brisbane,0,N,-27.48,153.04
9/11/2019,Brisbane,0,N,-27.48,153.04
10/11/2019,Brisbane,0,N,-27.48,153.04
11/11/2019,Brisbane,0,N,-27.48,153.04
12/11/2019,Brisbane,0,N,-27.48,153.04
13/11/2019,Brisbane,0,N,-27.48,153.04
14/11/2019,Brisbane,0,N,-27.48,153.04
15/11/2019,Brisbane,0,N,-27.48,153.04
16/11/2019,Brisbane,0,N,-27.48,153.04
17/11/2019,Brisbane,0,N,-27.48,153.04
18/11/2019,Brisbane,0,N,-27.48,153.04
19/11/2019,Brisbane,0,N,-27.48,153.04
20/11/2019,Brisbane,0,N,-27.48,153.04
21/11/2019,Brisbane,0,N,-27.48,153.04
22/11/2019,Brisbane,0,N,-27.48,153.04
23/11/2019,Brisbane,0,N,-27.48,153.04
24/11/2019,Brisbane,0,N,-27.48,153.04
25/11/2019,Brisbane,0,N,-27.48,153.04
26/11/2019,Brisbane,0,N,-27.48,153.04
27/11/2019,Brisbane,0,N,-27.48,153.04
28/11/2019,Brisbane,0,N,-27.48,153.04
29/11/2019,Brisbane,0,N,-27.48,153.04
30/11/2019,Brisbane,0,N,-27.48,153.04
1/12/2019,Brisbane,3.6,N,-27.48,153.04
2/12/2019,Brisbane,3,N,-27.48,153.04
3/12/2019,Brisbane,0,N,-27.48,153.04
4/12/2019,Brisbane,0,N,-27.48,153.04
5/12/2019,Brisbane,0,N,-27.48,153.04
6/12/2019,Brisbane,0,N,-27.48,153.04
7/12/2019,Brisbane,0,N,-27.48,153.04
8/12/2019,Brisbane,0,N,-27.48,153.04
9/12/2019,Brisbane,0,N,-27.48,153.04
10/12/2019,Brisbane,0,N,-27.48,153.04
11/12/2019,Brisbane,0,N,-27.48,153.04
12/12/2019,Brisbane,130.4,N,-27.48,153.04
13/12/2019,Brisbane,0,N,-27.48,153.04
14/12/2019,Brisbane,26.6,N,-27.48,153.04
15/12/2019,Brisbane,0,N,-27.48,153.04
16/12/2019,Brisbane,0,N,-27.48,153.04
17/12/2019,Brisbane,0,N,-27.48,153.04
18/12/2019,Brisbane,0,N,-27.48,153.04
19/12/2019,Brisbane,0,N,-27.48,153.04
20/12/2019,Brisbane,0,N,-27.48,153.04
21/12/2019,Brisbane,0,N,-27.48,153.04
22/12/2019,Brisbane,0,N,-27.48,153.04
23/12/2019,Brisbane,0,N,-27.48,153.04
24/12/2019,Brisbane,0,N,-27.48,153.04
25/12/2019,Brisbane,25.2,N,-27.48,153.04
26/12/2019,Brisbane,14.8,N,-27.48,153.04
27/12/2019,Brisbane,1,N,-27.48,153.04
28/12/2019,Brisbane,0,N,-27.48,153.04
29/12/2019,Brisbane,0,N,-27.48,153.04
30/12/2019,Brisbane,0,N,-27.48,153.04
31/12/2019,Brisbane,3.2,N,-27.48,153.04
1/01/2019,Sydney,8.8,N,-33.86,151.21
2/01/2019,Sydney,0,N,-33.86,151.21
3/01/2019,Sydney,0,N,-33.86,151.21
4/01/2019,Sydney,0,N,-33.86,151.21
5/01/2019,Sydney,0,N,-33.86,151.21
6/01/2019,Sydney,26.2,N,-33.86,151.21
7/01/2019,Sydney,0,N,-33.86,151.21
8/01/2019,Sydney,0.6,N,-33.86,151.21
9/01/2019,Sydney,4.8,N,-33.86,151.21
10/01/2019,Sydney,0,N,-33.86,151.21
11/01/2019,Sydney,0.8,N,-33.86,151.21
12/01/2019,Sydney,3.8,N,-33.86,151.21
13/01/2019,Sydney,0,N,-33.86,151.21
14/01/2019,Sydney,0,N,-33.86,151.21
15/01/2019,Sydney,0,N,-33.86,151.21
16/01/2019,Sydney,0,N,-33.86,151.21
17/01/2019,Sydney,0,N,-33.86,151.21
18/01/2019,Sydney,0,N,-33.86,151.21
19/01/2019,Sydney,0,N,-33.86,151.21
20/01/2019,Sydney,0,N,-33.86,151.21
21/01/2019,Sydney,0.4,N,-33.86,151.21
22/01/2019,Sydney,0.2,N,-33.86,151.21
23/01/2019,Sydney,0.4,N,-33.86,151.21
24/01/2019,Sydney,0,N,-33.86,151.21
25/01/2019,Sydney,0,N,-33.86,151.21
26/01/2019,Sydney,0,N,-33.86,151.21
27/01/2019,Sydney,0,N,-33.86,151.21
28/01/2019,Sydney,2.8,N,-33.86,151.21
29/01/2019,Sydney,0,N,-33.86,151.21
30/01/2019,Sydney,0,N,-33.86,151.21
31/01/2019,Sydney,0,N,-33.86,151.21
1/02/2019,Sydney,2.8,N,-33.86,151.21
2/02/2019,Sydney,23,N,-33.86,151.21
3/02/2019,Sydney,0,N,-33.86,151.21
4/02/2019,Sydney,0.2,N,-33.86,151.21
5/02/2019,Sydney,0,N,-33.86,151.21
6/02/2019,Sydney,1.8,N,-33.86,151.21
7/02/2019,Sydney,0,N,-33.86,151.21
8/02/2019,Sydney,0,N,-33.86,151.21
9/02/2019,Sydney,17.2,N,-33.86,151.21
10/02/2019,Sydney,0.2,N,-33.86,151.21
11/02/2019,Sydney,0,N,-33.86,151.21
12/02/2019,Sydney,0,N,-33.86,151.21
13/02/2019,Sydney,0,N,-33.86,151.21
14/02/2019,Sydney,0,N,-33.86,151.21
15/02/2019,Sydney,0,N,-33.86,151.21
16/02/2019,Sydney,0,N,-33.86,151.21
17/02/2019,Sydney,0,N,-33.86,151.21
18/02/2019,Sydney,0,N,-33.86,151.21
19/02/2019,Sydney,0,N,-33.86,151.21
20/02/2019,Sydney,7.8,N,-33.86,151.21
21/02/2019,Sydney,5,N,-33.86,151.21
22/02/2019,Sydney,4.4,N,-33.86,151.21
23/02/2019,Sydney,6.6,N,-33.86,151.21
24/02/2019,Sydney,16,N,-33.86,151.21
25/02/2019,Sydney,0.4,N,-33.86,151.21
26/02/2019,Sydney,0,N,-33.86,151.21
27/02/2019,Sydney,0,N,-33.86,151.21
28/02/2019,Sydney,0,N,-33.86,151.21
1/03/2019,Sydney,0,N,-33.86,151.21
2/03/2019,Sydney,6.8,N,-33.86,151.21
3/03/2019,Sydney,0,N,-33.86,151.21
4/03/2019,Sydney,0,N,-33.86,151.21
5/03/2019,Sydney,0,N,-33.86,151.21
6/03/2019,Sydney,0,N,-33.86,151.21
7/03/2019,Sydney,1.4,N,-33.86,151.21
8/03/2019,Sydney,0,N,-33.86,151.21
9/03/2019,Sydney,0,N,-33.86,151.21
10/03/2019,Sydney,0.8,N,-33.86,151.21
11/03/2019,Sydney,0,N,-33.86,151.21
12/03/2019,Sydney,0,N,-33.86,151.21
13/03/2019,Sydney,14.6,N,-33.86,151.21
14/03/2019,Sydney,5.8,N,-33.86,151.21
15/03/2019,Sydney,8.6,N,-33.86,151.21
16/03/2019,Sydney,16,N,-33.86,151.21
17/03/2019,Sydney,43.4,N,-33.86,151.21
18/03/2019,Sydney,75.2,N,-33.86,151.21
19/03/2019,Sydney,4.6,N,-33.86,151.21
20/03/2019,Sydney,5.8,N,-33.86,151.21
21/03/2019,Sydney,0,N,-33.86,151.21
22/03/2019,Sydney,8.4,N,-33.86,151.21
23/03/2019,Sydney,2,N,-33.86,151.21
24/03/2019,Sydney,0.4,N,-33.86,151.21
25/03/2019,Sydney,3.8,N,-33.86,151.21
26/03/2019,Sydney,0.6,N,-33.86,151.21
27/03/2019,Sydney,0,N,-33.86,151.21
28/03/2019,Sydney,0,N,-33.86,151.21
29/03/2019,Sydney,0,N,-33.86,151.21
30/03/2019,Sydney,30.8,N,-33.86,151.21
31/03/2019,Sydney,0.2,N,-33.86,151.21
1/04/2019,Sydney,0,N,-33.86,151.21
2/04/2019,Sydney,0,N,-33.86,151.21
3/04/2019,Sydney,2.8,N,-33.86,151.21
4/04/2019,Sydney,0,N,-33.86,151.21
5/04/2019,Sydney,3,N,-33.86,151.21
6/04/2019,Sydney,4.8,N,-33.86,151.21
7/04/2019,Sydney,0.2,N,-33.86,151.21
8/04/2019,Sydney,0,N,-33.86,151.21
9/04/2019,Sydney,0,N,-33.86,151.21
10/04/2019,Sydney,0,N,-33.86,151.21
11/04/2019,Sydney,0,N,-33.86,151.21
12/04/2019,Sydney,0,N,-33.86,151.21
13/04/2019,Sydney,0,N,-33.86,151.21
14/04/2019,Sydney,0,N,-33.86,151.21
15/04/2019,Sydney,0,N,-33.86,151.21
16/04/2019,Sydney,0,N,-33.86,151.21
17/04/2019,Sydney,0,N,-33.86,151.21
18/04/2019,Sydney,0,N,-33.86,151.21
19/04/2019,Sydney,0,N,-33.86,151.21
20/04/2019,Sydney,0,N,-33.86,151.21
21/04/2019,Sydney,0,N,-33.86,151.21
22/04/2019,Sydney,0,N,-33.86,151.21
23/04/2019,Sydney,0.2,N,-33.86,151.21
24/04/2019,Sydney,0,N,-33.86,151.21
25/04/2019,Sydney,0,N,-33.86,151.21
26/04/2019,Sydney,0,N,-33.86,151.21
27/04/2019,Sydney,0.2,N,-33.86,151.21
28/04/2019,Sydney,0,N,-33.86,151.21
29/04/2019,Sydney,0,N,-33.86,151.21
30/04/2019,Sydney,0,N,-33.86,151.21
1/05/2019,Sydney,0,N,-33.86,151.21
2/05/2019,Sydney,0,N,-33.86,151.21
3/05/2019,Sydney,0,N,-33.86,151.21
4/05/2019,Sydney,10.8,N,-33.86,151.21
5/05/2019,Sydney,0,N,-33.86,151.21
6/05/2019,Sydney,3.8,N,-33.86,151.21
7/05/2019,Sydney,0,N,-33.86,151.21
8/05/2019,Sydney,0,N,-33.86,151.21
9/05/2019,Sydney,0,N,-33.86,151.21
10/05/2019,Sydney,0,N,-33.86,151.21
11/05/2019,Sydney,0,N,-33.86,151.21
12/05/2019,Sydney,0,N,-33.86,151.21
13/05/2019,Sydney,0,N,-33.86,151.21
14/05/2019,Sydney,0,N,-33.86,151.21
15/05/2019,Sydney,0,N,-33.86,151.21
16/05/2019,Sydney,0,N,-33.86,151.21
17/05/2019,Sydney,0,N,-33.86,151.21
18/05/2019,Sydney,0,N,-33.86,151.21
19/05/2019,Sydney,0,N,-33.86,151.21
20/05/2019,Sydney,0,N,-33.86,151.21
21/05/2019,Sydney,0,N,-33.86,151.21
22/05/2019,Sydney,0,N,-33.86,151.21
23/05/2019,Sydney,0,N,-33.86,151.21
24/05/2019,Sydney,0,N,-33.86,151.21
25/05/2019,Sydney,0,N,-33.86,151.21
26/05/2019,Sydney,0,N,-33.86,151.21
27/05/2019,Sydney,0,N,-33.86,151.21
28/05/2019,Sydney,0,N,-33.86,151.21
29/05/2019,Sydney,0,N,-33.86,151.21
30/05/2019,Sydney,0,N,-33.86,151.21
31/05/2019,Sydney,0,N,-33.86,151.21
1/06/2019,Sydney,0,N,-33.86,151.21
2/06/2019,Sydney,0,N,-33.86,151.21
3/06/2019,Sydney,0,N,-33.86,151.21
4/06/2019,Sydney,18.2,N,-33.86,151.21
5/06/2019,Sydney,11.6,N,-33.86,151.21
6/06/2019,Sydney,12.8,N,-33.86,151.21
7/06/2019,Sydney,0.2,N,-33.86,151.21
8/06/2019,Sydney,4.2,N,-33.86,151.21
9/06/2019,Sydney,0,N,-33.86,151.21
10/06/2019,Sydney,0,N,-33.86,151.21
11/06/2019,Sydney,0,N,-33.86,151.21
12/06/2019,Sydney,0,N,-33.86,151.21
13/06/2019,Sydney,0,N,-33.86,151.21
14/06/2019,Sydney,0,N,-33.86,151.21
15/06/2019,Sydney,0,N,-33.86,151.21
16/06/2019,Sydney,22.4,N,-33.86,151.21
17/06/2019,Sydney,4,N,-33.86,151.21
18/06/2019,Sydney,33.6,N,-33.86,151.21
19/06/2019,Sydney,0.2,N,-33.86,151.21
20/06/2019,Sydney,0,N,-33.86,151.21
21/06/2019,Sydney,0,N,-33.86,151.21
22/06/2019,Sydney,0,N,-33.86,151.21
23/06/2019,Sydney,2,N,-33.86,151.21
24/06/2019,Sydney,34.2,N,-33.86,151.21
25/06/2019,Sydney,11.2,N,-33.86,151.21
26/06/2019,Sydney,14,N,-33.86,151.21
27/06/2019,Sydney,2.6,N,-33.86,151.21
28/06/2019,Sydney,0.2,N,-33.86,151.21
29/06/2019,Sydney,0,N,-33.86,151.21
30/06/2019,Sydney,0,N,-33.86,151.21
1/07/2019,Sydney,0,N,-33.86,151.21
2/07/2019,Sydney,0,N,-33.86,151.21
3/07/2019,Sydney,0,N,-33.86,151.21
4/07/2019,Sydney,1.4,N,-33.86,151.21
5/07/2019,Sydney,22.8,N,-33.86,151.21
6/07/2019,Sydney,2.6,N,-33.86,151.21
7/07/2019,Sydney,1,N,-33.86,151.21
8/07/2019,Sydney,0,N,-33.86,151.21
9/07/2019,Sydney,0.2,N,-33.86,151.21
10/07/2019,Sydney,0,N,-33.86,151.21
11/07/2019,Sydney,0,N,-33.86,151.21
12/07/2019,Sydney,0,N,-33.86,151.21
13/07/2019,Sydney,0,N,-33.86,151.21
14/07/2019,Sydney,0,N,-33.86,151.21
15/07/2019,Sydney,0,N,-33.86,151.21
16/07/2019,Sydney,0,N,-33.86,151.21
17/07/2019,Sydney,0,N,-33.86,151.21
18/07/2019,Sydney,0,N,-33.86,151.21
19/07/2019,Sydney,0,N,-33.86,151.21
20/07/2019,Sydney,0,N,-33.86,151.21
21/07/2019,Sydney,0,N,-33.86,151.21
22/07/2019,Sydney,0,N,-33.86,151.21
23/07/2019,Sydney,0,N,-33.86,151.21
24/07/2019,Sydney,0,N,-33.86,151.21
25/07/2019,Sydney,0,N,-33.86,151.21
26/07/2019,Sydney,0,N,-33.86,151.21
27/07/2019,Sydney,0,N,-33.86,151.21
28/07/2019,Sydney,0,N,-33.86,151.21
29/07/2019,Sydney,0,N,-33.86,151.21
30/07/2019,Sydney,4.2,N,-33.86,151.21
31/07/2019,Sydney,11.2,N,-33.86,151.21
1/08/2019,Sydney,2.8,N,-33.86,151.21
2/08/2019,Sydney,0.2,N,-33.86,151.21
3/08/2019,Sydney,0,N,-33.86,151.21
4/08/2019,Sydney,0,N,-33.86,151.21
5/08/2019,Sydney,0,N,-33.86,151.21
6/08/2019,Sydney,0,N,-33.86,151.21
7/08/2019,Sydney,0,N,-33.86,151.21
8/08/2019,Sydney,0,N,-33.86,151.21
9/08/2019,Sydney,0,N,-33.86,151.21
10/08/2019,Sydney,0,N,-33.86,151.21
11/08/2019,Sydney,0,N,-33.86,151.21
12/08/2019,Sydney,0.2,N,-33.86,151.21
13/08/2019,Sydney,0,N,-33.86,151.21
14/08/2019,Sydney,0,N,-33.86,151.21
15/08/2019,Sydney,0,N,-33.86,151.21
16/08/2019,Sydney,0,N,-33.86,151.21
17/08/2019,Sydney,0,N,-33.86,151.21
18/08/2019,Sydney,0,N,-33.86,151.21
19/08/2019,Sydney,0,N,-33.86,151.21
20/08/2019,Sydney,0,N,-33.86,151.21
21/08/2019,Sydney,0,N,-33.86,151.21
22/08/2019,Sydney,0,N,-33.86,151.21
23/08/2019,Sydney,0,N,-33.86,151.21
24/08/2019,Sydney,0,N,-33.86,151.21
25/08/2019,Sydney,0,N,-33.86,151.21
26/08/2019,Sydney,0,N,-33.86,151.21
27/08/2019,Sydney,3.8,N,-33.86,151.21
28/08/2019,Sydney,0.4,N,-33.86,151.21
29/08/2019,Sydney,0.2,N,-33.86,151.21
30/08/2019,Sydney,43,N,-33.86,151.21
31/08/2019,Sydney,22.4,N,-33.86,151.21
1/09/2019,Sydney,0,N,-33.86,151.21
2/09/2019,Sydney,0,N,-33.86,151.21
3/09/2019,Sydney,0,N,-33.86,151.21
4/09/2019,Sydney,0,N,-33.86,151.21
5/09/2019,Sydney,0,N,-33.86,151.21
6/09/2019,Sydney,0,N,-33.86,151.21
7/09/2019,Sydney,0.2,N,-33.86,151.21
8/09/2019,Sydney,0.2,N,-33.86,151.21
9/09/2019,Sydney,0,N,-33.86,151.21
10/09/2019,Sydney,0.2,N,-33.86,151.21
11/09/2019,Sydney,0,N,-33.86,151.21
12/09/2019,Sydney,0,N,-33.86,151.21
13/09/2019,Sydney,0,N,-33.86,151.21
14/09/2019,Sydney,0,N,-33.86,151.21
15/09/2019,Sydney,0,N,-33.86,151.21
16/09/2019,Sydney,0,N,-33.86,151.21
17/09/2019,Sydney,19.2,N,-33.86,151.21
18/09/2019,Sydney,65.6,N,-33.86,151.21
19/09/2019,Sydney,27,N,-33.86,151.21
20/09/2019,Sydney,0.2,N,-33.86,151.21
21/09/2019,Sydney,0,N,-33.86,151.21
22/09/2019,Sydney,0.2,N,-33.86,151.21
23/09/2019,Sydney,0,N,-33.86,151.21
24/09/2019,Sydney,0,N,-33.86,151.21
25/09/2019,Sydney,0,N,-33.86,151.21
26/09/2019,Sydney,0,N,-33.86,151.21
27/09/2019,Sydney,0,N,-33.86,151.21
28/09/2019,Sydney,0,N,-33.86,151.21
29/09/2019,Sydney,0,N,-33.86,151.21
30/09/2019,Sydney,0,N,-33.86,151.21
1/10/2019,Sydney,0.4,N,-33.86,151.21
2/10/2019,Sydney,0,N,-33.86,151.21
3/10/2019,Sydney,0,N,-33.86,151.21
4/10/2019,Sydney,0,N,-33.86,151.21
5/10/2019,Sydney,16.6,N,-33.86,151.21
6/10/2019,Sydney,0.6,N,-33.86,151.21
7/10/2019,Sydney,0,N,-33.86,151.21
8/10/2019,Sydney,0,N,-33.86,151.21
9/10/2019,Sydney,1.2,N,-33.86,151.21
10/10/2019,Sydney,0.4,N,-33.86,151.21
11/10/2019,Sydney,0.6,N,-33.86,151.21
12/10/2019,Sydney,11,N,-33.86,151.21
13/10/2019,Sydney,3.4,N,-33.86,151.21
14/10/2019,Sydney,0,N,-33.86,151.21
15/10/2019,Sydney,0,N,-33.86,151.21
16/10/2019,Sydney,0,N,-33.86,151.21
17/10/2019,Sydney,0,N,-33.86,151.21
18/10/2019,Sydney,0,N,-33.86,151.21
19/10/2019,Sydney,0,N,-33.86,151.21
20/10/2019,Sydney,0,N,-33.86,151.21
21/10/2019,Sydney,0,N,-33.86,151.21
22/10/2019,Sydney,0,N,-33.86,151.21
23/10/2019,Sydney,0,N,-33.86,151.21
24/10/2019,Sydney,0,N,-33.86,151.21
25/10/2019,Sydney,0,N,-33.86,151.21
26/10/2019,Sydney,0,N,-33.86,151.21
27/10/2019,Sydney,0,N,-33.86,151.21
28/10/2019,Sydney,0,N,-33.86,151.21
29/10/2019,Sydney,0,N,-33.86,151.21
30/10/2019,Sydney,0,N,-33.86,151.21
31/10/2019,Sydney,0,N,-33.86,151.21
1/11/2019,Sydney,0,N,-33.86,151.21
2/11/2019,Sydney,0,N,-33.86,151.21
3/11/2019,Sydney,0,N,-33.86,151.21
4/11/2019,Sydney,15.4,N,-33.86,151.21
5/11/2019,Sydney,0.2,N,-33.86,151.21
6/11/2019,Sydney,0,N,-33.86,151.21
7/11/2019,Sydney,0,N,-33.86,151.21
8/11/2019,Sydney,0,N,-33.86,151.21
9/11/2019,Sydney,0,N,-33.86,151.21
10/11/2019,Sydney,0,N,-33.86,151.21
11/11/2019,Sydney,0,N,-33.86,151.21
12/11/2019,Sydney,0,N,-33.86,151.21
13/11/2019,Sydney,0,N,-33.86,151.21
14/11/2019,Sydney,0,N,-33.86,151.21
15/11/2019,Sydney,0,N,-33.86,151.21
16/11/2019,Sydney,0,N,-33.86,151.21
17/11/2019,Sydney,0,N,-33.86,151.21
18/11/2019,Sydney,0,N,-33.86,151.21
19/11/2019,Sydney,0,N,-33.86,151.21
20/11/2019,Sydney,0,N,-33.86,151.21
21/11/2019,Sydney,0,N,-33.86,151.21
22/11/2019,Sydney,0,N,-33.86,151.21
23/11/2019,Sydney,6.2,N,-33.86,151.21
24/11/2019,Sydney,0.4,N,-33.86,151.21
25/11/2019,Sydney,0.2,N,-33.86,151.21
26/11/2019,Sydney,1.4,N,-33.86,151.21
27/11/2019,Sydney,2.4,N,-33.86,151.21
28/11/2019,Sydney,0,N,-33.86,151.21
29/11/2019,Sydney,0,N,-33.86,151.21
30/11/2019,Sydney,0,N,-33.86,151.21
1/12/2019,Sydney,0,N,-33.86,151.21
2/12/2019,Sydney,0,N,-33.86,151.21
3/12/2019,Sydney,0,N,-33.86,151.21
4/12/2019,Sydney,0,N,-33.86,151.21
5/12/2019,Sydney,0,N,-33.86,151.21
6/12/2019,Sydney,0,N,-33.86,151.21
7/12/2019,Sydney,0,N,-33.86,151.21
8/12/2019,Sydney,0,N,-33.86,151.21
9/12/2019,Sydney,0,N,-33.86,151.21
10/12/2019,Sydney,0,N,-33.86,151.21
11/12/2019,Sydney,0,N,-33.86,151.21
12/12/2019,Sydney,0,N,-33.86,151.21
13/12/2019,Sydney,0,N,-33.86,151.21
14/12/2019,Sydney,0,N,-33.86,151.21
15/12/2019,Sydney,0,N,-33.86,151.21
16/12/2019,Sydney,0,N,-33.86,151.21
17/12/2019,Sydney,0,N,-33.86,151.21
18/12/2019,Sydney,0,N,-33.86,151.21
19/12/2019,Sydney,0,N,-33.86,151.21
20/12/2019,Sydney,0,N,-33.86,151.21
21/12/2019,Sydney,0,N,-33.86,151.21
22/12/2019,Sydney,0,N,-33.86,151.21
23/12/2019,Sydney,0,N,-33.86,151.21
24/12/2019,Sydney,0,N,-33.86,151.21
25/12/2019,Sydney,1.4,N,-33.86,151.21
26/12/2019,Sydney,0.2,N,-33.86,151.21
27/12/2019,Sydney,0,N,-33.86,151.21
28/12/2019,Sydney,0,N,-33.86,151.21
29/12/2019,Sydney,0,N,-33.86,151.21
30/12/2019,Sydney,0,N,-33.86,151.21
31/12/2019,Sydney,0,N,-33.86,151.21
1/01/2019,Canberra,0,N,-35.31,149.2
2/01/2019,Canberra,0,N,-35.31,149.2
3/01/2019,Canberra,0,N,-35.31,149.2
4/01/2019,Canberra,0,N,-35.31,149.2
5/01/2019,Canberra,0,N,-35.31,149.2
6/01/2019,Canberra,7,N,-35.31,149.2
7/01/2019,Canberra,0,N,-35.31,149.2
8/01/2019,Canberra,11.2,N,-35.31,149.2
9/01/2019,Canberra,9.4,N,-35.31,149.2
10/01/2019,Canberra,0,N,-35.31,149.2
11/01/2019,Canberra,0,N,-35.31,149.2
12/01/2019,Canberra,2.2,N,-35.31,149.2
13/01/2019,Canberra,0,N,-35.31,149.2
14/01/2019,Canberra,0,N,-35.31,149.2
15/01/2019,Canberra,0,N,-35.31,149.2
16/01/2019,Canberra,0,N,-35.31,149.2
17/01/2019,Canberra,0,N,-35.31,149.2
18/01/2019,Canberra,11.2,N,-35.31,149.2
19/01/2019,Canberra,1,N,-35.31,149.2
20/01/2019,Canberra,0,N,-35.31,149.2
21/01/2019,Canberra,0,N,-35.31,149.2
22/01/2019,Canberra,0,N,-35.31,149.2
23/01/2019,Canberra,2,N,-35.31,149.2
24/01/2019,Canberra,4.2,N,-35.31,149.2
25/01/2019,Canberra,0,N,-35.31,149.2
26/01/2019,Canberra,0,N,-35.31,149.2
27/01/2019,Canberra,7.2,N,-35.31,149.2
28/01/2019,Canberra,0,N,-35.31,149.2
29/01/2019,Canberra,3.2,N,-35.31,149.2
30/01/2019,Canberra,2.6,N,-35.31,149.2
31/01/2019,Canberra,0,N,-35.31,149.2
1/02/2019,Canberra,0,N,-35.31,149.2
2/02/2019,Canberra,0,N,-35.31,149.2
3/02/2019,Canberra,0,N,-35.31,149.2
4/02/2019,Canberra,2.2,N,-35.31,149.2
5/02/2019,Canberra,32,N,-35.31,149.2
6/02/2019,Canberra,2.8,N,-35.31,149.2
7/02/2019,Canberra,0,N,-35.31,149.2
8/02/2019,Canberra,0,N,-35.31,149.2
9/02/2019,Canberra,5.4,N,-35.31,149.2
10/02/2019,Canberra,0,N,-35.31,149.2
11/02/2019,Canberra,0,N,-35.31,149.2
12/02/2019,Canberra,0,N,-35.31,149.2
13/02/2019,Canberra,0,N,-35.31,149.2
14/02/2019,Canberra,0,N,-35.31,149.2
15/02/2019,Canberra,0,N,-35.31,149.2
16/02/2019,Canberra,0,N,-35.31,149.2
17/02/2019,Canberra,0,N,-35.31,149.2
18/02/2019,Canberra,0,N,-35.31,149.2
19/02/2019,Canberra,0,N,-35.31,149.2
20/02/2019,Canberra,0,N,-35.31,149.2
21/02/2019,Canberra,0,N,-35.31,149.2
22/02/2019,Canberra,0,N,-35.31,149.2
23/02/2019,Canberra,0,N,-35.31,149.2
24/02/2019,Canberra,0,N,-35.31,149.2
25/02/2019,Canberra,0,N,-35.31,149.2
26/02/2019,Canberra,0,N,-35.31,149.2
27/02/2019,Canberra,0.4,N,-35.31,149.2
28/02/2019,Canberra,0,N,-35.31,149.2
1/03/2019,Canberra,0,N,-35.31,149.2
2/03/2019,Canberra,0,N,-35.31,149.2
3/03/2019,Canberra,0,N,-35.31,149.2
4/03/2019,Canberra,0,N,-35.31,149.2
5/03/2019,Canberra,0,N,-35.31,149.2
6/03/2019,Canberra,0,N,-35.31,149.2
7/03/2019,Canberra,9.8,N,-35.31,149.2
8/03/2019,Canberra,0,N,-35.31,149.2
9/03/2019,Canberra,0.2,N,-35.31,149.2
10/03/2019,Canberra,0.2,N,-35.31,149.2
11/03/2019,Canberra,0,N,-35.31,149.2
12/03/2019,Canberra,0.2,N,-35.31,149.2
13/03/2019,Canberra,0,N,-35.31,149.2
14/03/2019,Canberra,0,N,-35.31,149.2
15/03/2019,Canberra,0,N,-35.31,149.2
16/03/2019,Canberra,0,N,-35.31,149.2
17/03/2019,Canberra,0,N,-35.31,149.2
18/03/2019,Canberra,15.8,N,-35.31,149.2
19/03/2019,Canberra,0,N,-35.31,149.2
20/03/2019,Canberra,0.2,N,-35.31,149.2
21/03/2019,Canberra,0.2,N,-35.31,149.2
22/03/2019,Canberra,0,N,-35.31,149.2
23/03/2019,Canberra,1,N,-35.31,149.2
24/03/2019,Canberra,0,N,-35.31,149.2
25/03/2019,Canberra,0.6,N,-35.31,149.2
26/03/2019,Canberra,0,N,-35.31,149.2
27/03/2019,Canberra,0,N,-35.31,149.2
28/03/2019,Canberra,0,N,-35.31,149.2
29/03/2019,Canberra,1,N,-35.31,149.2
30/03/2019,Canberra,45.2,N,-35.31,149.2
31/03/2019,Canberra,1.8,N,-35.31,149.2
1/04/2019,Canberra,0,N,-35.31,149.2
2/04/2019,Canberra,0,N,-35.31,149.2
3/04/2019,Canberra,0,N,-35.31,149.2
4/04/2019,Canberra,0,N,-35.31,149.2
5/04/2019,Canberra,0,N,-35.31,149.2
6/04/2019,Canberra,0,N,-35.31,149.2
7/04/2019,Canberra,0,N,-35.31,149.2
8/04/2019,Canberra,0,N,-35.31,149.2
9/04/2019,Canberra,0,N,-35.31,149.2
10/04/2019,Canberra,0,N,-35.31,149.2
11/04/2019,Canberra,0,N,-35.31,149.2
12/04/2019,Canberra,0,N,-35.31,149.2
13/04/2019,Canberra,0,N,-35.31,149.2
14/04/2019,Canberra,0,N,-35.31,149.2
15/04/2019,Canberra,0,N,-35.31,149.2
16/04/2019,Canberra,0,N,-35.31,149.2
17/04/2019,Canberra,0,N,-35.31,149.2
18/04/2019,Canberra,0,N,-35.31,149.2
19/04/2019,Canberra,0,N,-35.31,149.2
20/04/2019,Canberra,0,N,-35.31,149.2
21/04/2019,Canberra,0,N,-35.31,149.2
22/04/2019,Canberra,0,N,-35.31,149.2
23/04/2019,Canberra,10,N,-35.31,149.2
24/04/2019,Canberra,0,N,-35.31,149.2
25/04/2019,Canberra,0,N,-35.31,149.2
26/04/2019,Canberra,0,N,-35.31,149.2
27/04/2019,Canberra,0,N,-35.31,149.2
28/04/2019,Canberra,0,N,-35.31,149.2
29/04/2019,Canberra,0,N,-35.31,149.2
30/04/2019,Canberra,0,N,-35.31,149.2
1/05/2019,Canberra,0,N,-35.31,149.2
2/05/2019,Canberra,0,N,-35.31,149.2
3/05/2019,Canberra,20.8,N,-35.31,149.2
4/05/2019,Canberra,0.6,N,-35.31,149.2
5/05/2019,Canberra,0,N,-35.31,149.2
6/05/2019,Canberra,0,N,-35.31,149.2
7/05/2019,Canberra,0,N,-35.31,149.2
8/05/2019,Canberra,1.8,N,-35.31,149.2
9/05/2019,Canberra,0,N,-35.31,149.2
10/05/2019,Canberra,0,N,-35.31,149.2
11/05/2019,Canberra,10.4,N,-35.31,149.2
12/05/2019,Canberra,0.2,N,-35.31,149.2
13/05/2019,Canberra,0.2,N,-35.31,149.2
14/05/2019,Canberra,0,N,-35.31,149.2
15/05/2019,Canberra,0,N,-35.31,149.2
16/05/2019,Canberra,0,N,-35.31,149.2
17/05/2019,Canberra,0,N,-35.31,149.2
18/05/2019,Canberra,0,N,-35.31,149.2
19/05/2019,Canberra,0,N,-35.31,149.2
20/05/2019,Canberra,0,N,-35.31,149.2
21/05/2019,Canberra,0,N,-35.31,149.2
22/05/2019,Canberra,0,N,-35.31,149.2
23/05/2019,Canberra,0,N,-35.31,149.2
24/05/2019,Canberra,0,N,-35.31,149.2
25/05/2019,Canberra,0,N,-35.31,149.2
26/05/2019,Canberra,8,N,-35.31,149.2
27/05/2019,Canberra,0.4,N,-35.31,149.2
28/05/2019,Canberra,0.4,N,-35.31,149.2
29/05/2019,Canberra,1.2,N,-35.31,149.2
30/05/2019,Canberra,2.2,N,-35.31,149.2
31/05/2019,Canberra,0,N,-35.31,149.2
1/06/2019,Canberra,0.2,N,-35.31,149.2
2/06/2019,Canberra,0,N,-35.31,149.2
3/06/2019,Canberra,0.4,N,-35.31,149.2
4/06/2019,Canberra,3.6,N,-35.31,149.2
5/06/2019,Canberra,0,N,-35.31,149.2
6/06/2019,Canberra,0,N,-35.31,149.2
7/06/2019,Canberra,0.2,N,-35.31,149.2
8/06/2019,Canberra,0,N,-35.31,149.2
9/06/2019,Canberra,0,N,-35.31,149.2
10/06/2019,Canberra,0.4,N,-35.31,149.2
11/06/2019,Canberra,2.8,N,-35.31,149.2
12/06/2019,Canberra,0,N,-35.31,149.2
13/06/2019,Canberra,1.8,N,-35.31,149.2
14/06/2019,Canberra,0,N,-35.31,149.2
15/06/2019,Canberra,0,N,-35.31,149.2
16/06/2019,Canberra,0.2,N,-35.31,149.2
17/06/2019,Canberra,0,N,-35.31,149.2
18/06/2019,Canberra,0,N,-35.31,149.2
19/06/2019,Canberra,0.4,N,-35.31,149.2
20/06/2019,Canberra,0,N,-35.31,149.2
21/06/2019,Canberra,0,N,-35.31,149.2
22/06/2019,Canberra,0,N,-35.31,149.2
23/06/2019,Canberra,0.2,N,-35.31,149.2
24/06/2019,Canberra,0,N,-35.31,149.2
25/06/2019,Canberra,0,N,-35.31,149.2
26/06/2019,Canberra,0,N,-35.31,149.2
27/06/2019,Canberra,0,N,-35.31,149.2
28/06/2019,Canberra,0.4,N,-35.31,149.2
29/06/2019,Canberra,0,N,-35.31,149.2
30/06/2019,Canberra,7.4,N,-35.31,149.2
1/07/2019,Canberra,0.2,N,-35.31,149.2
2/07/2019,Canberra,0,N,-35.31,149.2
3/07/2019,Canberra,0,N,-35.31,149.2
4/07/2019,Canberra,0,N,-35.31,149.2
5/07/2019,Canberra,0,N,-35.31,149.2
6/07/2019,Canberra,0.2,N,-35.31,149.2
7/07/2019,Canberra,0.2,N,-35.31,149.2
8/07/2019,Canberra,0,N,-35.31,149.2
9/07/2019,Canberra,0,N,-35.31,149.2
10/07/2019,Canberra,0,N,-35.31,149.2
11/07/2019,Canberra,0.8,N,-35.31,149.2
12/07/2019,Canberra,0,N,-35.31,149.2
13/07/2019,Canberra,2.8,N,-35.31,149.2
14/07/2019,Canberra,0,N,-35.31,149.2
15/07/2019,Canberra,0.2,N,-35.31,149.2
16/07/2019,Canberra,0,N,-35.31,149.2
17/07/2019,Canberra,0,N,-35.31,149.2
18/07/2019,Canberra,0,N,-35.31,149.2
19/07/2019,Canberra,0,N,-35.31,149.2
20/07/2019,Canberra,0,N,-35.31,149.2
21/07/2019,Canberra,0,N,-35.31,149.2
22/07/2019,Canberra,0,N,-35.31,149.2
23/07/2019,Canberra,0,N,-35.31,149.2
24/07/2019,Canberra,0,N,-35.31,149.2
25/07/2019,Canberra,0,N,-35.31,149.2
26/07/2019,Canberra,0,N,-35.31,149.2
27/07/2019,Canberra,0.2,N,-35.31,149.2
28/07/2019,Canberra,0,N,-35.31,149.2
29/07/2019,Canberra,0,N,-35.31,149.2
30/07/2019,Canberra,0.2,N,-35.31,149.2
31/07/2019,Canberra,0.2,N,-35.31,149.2
1/08/2019,Canberra,0,N,-35.31,149.2
2/08/2019,Canberra,0,N,-35.31,149.2
3/08/2019,Canberra,0,N,-35.31,149.2
4/08/2019,Canberra,0,N,-35.31,149.2
5/08/2019,Canberra,0,N,-35.31,149.2
6/08/2019,Canberra,0,N,-35.31,149.2
7/08/2019,Canberra,0,N,-35.31,149.2
8/08/2019,Canberra,3.2,N,-35.31,149.2
9/08/2019,Canberra,6.6,N,-35.31,149.2
10/08/2019,Canberra,3,N,-35.31,149.2
11/08/2019,Canberra,1.6,N,-35.31,149.2
12/08/2019,Canberra,0,N,-35.31,149.2
13/08/2019,Canberra,0,N,-35.31,149.2
14/08/2019,Canberra,0,N,-35.31,149.2
15/08/2019,Canberra,0.2,N,-35.31,149.2
16/08/2019,Canberra,0,N,-35.31,149.2
17/08/2019,Canberra,0,N,-35.31,149.2
18/08/2019,Canberra,0,N,-35.31,149.2
19/08/2019,Canberra,2.4,N,-35.31,149.2
20/08/2019,Canberra,0,N,-35.31,149.2
21/08/2019,Canberra,0,N,-35.31,149.2
22/08/2019,Canberra,0,N,-35.31,149.2
23/08/2019,Canberra,0,N,-35.31,149.2
24/08/2019,Canberra,0,N,-35.31,149.2
25/08/2019,Canberra,0,N,-35.31,149.2
26/08/2019,Canberra,0,N,-35.31,149.2
27/08/2019,Canberra,0.8,N,-35.31,149.2
28/08/2019,Canberra,0,N,-35.31,149.2
29/08/2019,Canberra,0,N,-35.31,149.2
30/08/2019,Canberra,0,N,-35.31,149.2
31/08/2019,Canberra,0,N,-35.31,149.2
1/09/2019,Canberra,0,N,-35.31,149.2
2/09/2019,Canberra,0.2,N,-35.31,149.2
3/09/2019,Canberra,0,N,-35.31,149.2
4/09/2019,Canberra,0,N,-35.31,149.2
5/09/2019,Canberra,0,N,-35.31,149.2
6/09/2019,Canberra,0,N,-35.31,149.2
7/09/2019,Canberra,3.8,N,-35.31,149.2
8/09/2019,Canberra,0,N,-35.31,149.2
9/09/2019,Canberra,0,N,-35.31,149.2
10/09/2019,Canberra,0,N,-35.31,149.2
11/09/2019,Canberra,0,N,-35.31,149.2
12/09/2019,Canberra,0,N,-35.31,149.2
13/09/2019,Canberra,0,N,-35.31,149.2
14/09/2019,Canberra,0,N,-35.31,149.2
15/09/2019,Canberra,0,N,-35.31,149.2
16/09/2019,Canberra,0,N,-35.31,149.2
17/09/2019,Canberra,32,N,-35.31,149.2
18/09/2019,Canberra,0,N,-35.31,149.2
19/09/2019,Canberra,0,N,-35.31,149.2
20/09/2019,Canberra,0,N,-35.31,149.2
21/09/2019,Canberra,0,N,-35.31,149.2
22/09/2019,Canberra,3.8,N,-35.31,149.2
23/09/2019,Canberra,0,N,-35.31,149.2
24/09/2019,Canberra,0.2,N,-35.31,149.2
25/09/2019,Canberra,0,N,-35.31,149.2
26/09/2019,Canberra,0,N,-35.31,149.2
27/09/2019,Canberra,0,N,-35.31,149.2
28/09/2019,Canberra,0,N,-35.31,149.2
29/09/2019,Canberra,0,N,-35.31,149.2
30/09/2019,Canberra,0,N,-35.31,149.2
1/10/2019,Canberra,0,N,-35.31,149.2
2/10/2019,Canberra,0,N,-35.31,149.2
3/10/2019,Canberra,0,N,-35.31,149.2
4/10/2019,Canberra,0,N,-35.31,149.2
5/10/2019,Canberra,4,N,-35.31,149.2
6/10/2019,Canberra,0,N,-35.31,149.2
7/10/2019,Canberra,0,N,-35.31,149.2
8/10/2019,Canberra,0,N,-35.31,149.2
9/10/2019,Canberra,11.2,N,-35.31,149.2
10/10/2019,Canberra,0,N,-35.31,149.2
11/10/2019,Canberra,0,N,-35.31,149.2
12/10/2019,Canberra,0,N,-35.31,149.2
13/10/2019,Canberra,0,N,-35.31,149.2
14/10/2019,Canberra,0,N,-35.31,149.2
15/10/2019,Canberra,0,N,-35.31,149.2
16/10/2019,Canberra,0,N,-35.31,149.2
17/10/2019,Canberra,4.8,N,-35.31,149.2
18/10/2019,Canberra,0,N,-35.31,149.2
19/10/2019,Canberra,0,N,-35.31,149.2
20/10/2019,Canberra,0,N,-35.31,149.2
21/10/2019,Canberra,0,N,-35.31,149.2
22/10/2019,Canberra,0,N,-35.31,149.2
23/10/2019,Canberra,0,N,-35.31,149.2
24/10/2019,Canberra,0,N,-35.31,149.2
25/10/2019,Canberra,0,N,-35.31,149.2
26/10/2019,Canberra,7.6,N,-35.31,149.2
27/10/2019,Canberra,0,N,-35.31,149.2
28/10/2019,Canberra,0,N,-35.31,149.2
29/10/2019,Canberra,0,N,-35.31,149.2
30/10/2019,Canberra,0,N,-35.31,149.2
31/10/2019,Canberra,0,N,-35.31,149.2
1/11/2019,Canberra,0,N,-35.31,149.2
2/11/2019,Canberra,0,N,-35.31,149.2
3/11/2019,Canberra,0,N,-35.31,149.2
4/11/2019,Canberra,12.4,N,-35.31,149.2
5/11/2019,Canberra,0.2,N,-35.31,149.2
6/11/2019,Canberra,0,N,-35.31,149.2
7/11/2019,Canberra,0,N,-35.31,149.2
8/11/2019,Canberra,0,N,-35.31,149.2
9/11/2019,Canberra,0,N,-35.31,149.2
10/11/2019,Canberra,0,N,-35.31,149.2
11/11/2019,Canberra,0,N,-35.31,149.2
12/11/2019,Canberra,0,N,-35.31,149.2
13/11/2019,Canberra,0,N,-35.31,149.2
14/11/2019,Canberra,0,N,-35.31,149.2
15/11/2019,Canberra,0,N,-35.31,149.2
16/11/2019,Canberra,0,N,-35.31,149.2
17/11/2019,Canberra,0,N,-35.31,149.2
18/11/2019,Canberra,0,N,-35.31,149.2
19/11/2019,Canberra,0,N,-35.31,149.2
20/11/2019,Canberra,0,N,-35.31,149.2
21/11/2019,Canberra,0,N,-35.31,149.2
22/11/2019,Canberra,0,N,-35.31,149.2
23/11/2019,Canberra,0,N,-35.31,149.2
24/11/2019,Canberra,0,N,-35.31,149.2
25/11/2019,Canberra,0,N,-35.31,149.2
26/11/2019,Canberra,0,N,-35.31,149.2
27/11/2019,Canberra,0,N,-35.31,149.2
28/11/2019,Canberra,0,N,-35.31,149.2
29/11/2019,Canberra,0,N,-35.31,149.2
30/11/2019,Canberra,0,N,-35.31,149.2
1/12/2019,Canberra,0,N,-35.31,149.2
2/12/2019,Canberra,0.6,N,-35.31,149.2
3/12/2019,Canberra,0.6,N,-35.31,149.2
4/12/2019,Canberra,0,N,-35.31,149.2
5/12/2019,Canberra,0,N,-35.31,149.2
6/12/2019,Canberra,0,N,-35.31,149.2
7/12/2019,Canberra,0,N,-35.31,149.2
8/12/2019,Canberra,0,N,-35.31,149.2
9/12/2019,Canberra,0,N,-35.31,149.2
10/12/2019,Canberra,0,N,-35.31,149.2
11/12/2019,Canberra,0,N,-35.31,149.2
12/12/2019,Canberra,0,N,-35.31,149.2
13/12/2019,Canberra,0,N,-35.31,149.2
14/12/2019,Canberra,0,N,-35.31,149.2
15/12/2019,Canberra,0,N,-35.31,149.2
16/12/2019,Canberra,0,N,-35.31,149.2
17/12/2019,Canberra,0,N,-35.31,149.2
18/12/2019,Canberra,0,N,-35.31,149.2
19/12/2019,Canberra,0,N,-35.31,149.2
20/12/2019,Canberra,0,N,-35.31,149.2
21/12/2019,Canberra,0,N,-35.31,149.2
22/12/2019,Canberra,0,N,-35.31,149.2
23/12/2019,Canberra,0,N,-35.31,149.2
24/12/2019,Canberra,0,N,-35.31,149.2
25/12/2019,Canberra,0,N,-35.31,149.2
26/12/2019,Canberra,0,N,-35.31,149.2
27/12/2019,Canberra,0,N,-35.31,149.2
28/12/2019,Canberra,0,N,-35.31,149.2
29/12/2019,Canberra,0,N,-35.31,149.2
30/12/2019,Canberra,0,N,-35.31,149.2
31/12/2019,Canberra,0,N,-35.31,149.2
1/01/2019,Melbourne,0,Y,-37.83,144.98
2/01/2019,Melbourne,0,Y,-37.83,144.98
3/01/2019,Melbourne,0,Y,-37.83,144.98
4/01/2019,Melbourne,0,Y,-37.83,144.98
5/01/2019,Melbourne,0.8,Y,-37.83,144.98
6/01/2019,Melbourne,1.8,Y,-37.83,144.98
7/01/2019,Melbourne,0,Y,-37.83,144.98
8/01/2019,Melbourne,0,Y,-37.83,144.98
9/01/2019,Melbourne,0.6,Y,-37.83,144.98
10/01/2019,Melbourne,0,Y,-37.83,144.98
11/01/2019,Melbourne,0,Y,-37.83,144.98
12/01/2019,Melbourne,0,Y,-37.83,144.98
13/01/2019,Melbourne,0,Y,-37.83,144.98
14/01/2019,Melbourne,0,Y,-37.83,144.98
15/01/2019,Melbourne,0,Y,-37.83,144.98
16/01/2019,Melbourne,0,Y,-37.83,144.98
17/01/2019,Melbourne,0,Y,-37.83,144.98
18/01/2019,Melbourne,0,Y,-37.83,144.98
19/01/2019,Melbourne,3.2,Y,-37.83,144.98
20/01/2019,Melbourne,0,Y,-37.83,144.98
21/01/2019,Melbourne,0,Y,-37.83,144.98
22/01/2019,Melbourne,0,Y,-37.83,144.98
23/01/2019,Melbourne,0,Y,-37.83,144.98
24/01/2019,Melbourne,0,Y,-37.83,144.98
25/01/2019,Melbourne,0,Y,-37.83,144.98
26/01/2019,Melbourne,0,Y,-37.83,144.98
27/01/2019,Melbourne,0,Y,-37.83,144.98
28/01/2019,Melbourne,0,Y,-37.83,144.98
29/01/2019,Melbourne,0,Y,-37.83,144.98
30/01/2019,Melbourne,0,Y,-37.83,144.98
31/01/2019,Melbourne,6.2,Y,-37.83,144.98
1/02/2019,Melbourne,0,Y,-37.83,144.98
2/02/2019,Melbourne,0,Y,-37.83,144.98
3/02/2019,Melbourne,0,Y,-37.83,144.98
4/02/2019,Melbourne,0,Y,-37.83,144.98
5/02/2019,Melbourne,0,Y,-37.83,144.98
6/02/2019,Melbourne,0,Y,-37.83,144.98
7/02/2019,Melbourne,11.2,Y,-37.83,144.98
8/02/2019,Melbourne,0,Y,-37.83,144.98
9/02/2019,Melbourne,4.9,Y,-37.83,144.98
10/02/2019,Melbourne,1,Y,-37.83,144.98
11/02/2019,Melbourne,0,Y,-37.83,144.98
12/02/2019,Melbourne,0,Y,-37.83,144.98
13/02/2019,Melbourne,3.2,Y,-37.83,144.98
14/02/2019,Melbourne,0,Y,-37.83,144.98
15/02/2019,Melbourne,0,Y,-37.83,144.98
16/02/2019,Melbourne,0,Y,-37.83,144.98
17/02/2019,Melbourne,0,Y,-37.83,144.98
18/02/2019,Melbourne,0,Y,-37.83,144.98
19/02/2019,Melbourne,0,Y,-37.83,144.98
20/02/2019,Melbourne,0,Y,-37.83,144.98
21/02/2019,Melbourne,0,Y,-37.83,144.98
22/02/2019,Melbourne,0,Y,-37.83,144.98
23/02/2019,Melbourne,0,Y,-37.83,144.98
24/02/2019,Melbourne,0,Y,-37.83,144.98
25/02/2019,Melbourne,0,Y,-37.83,144.98
26/02/2019,Melbourne,0,Y,-37.83,144.98
27/02/2019,Melbourne,0,Y,-37.83,144.98
28/02/2019,Melbourne,0,Y,-37.83,144.98
1/03/2019,Melbourne,0,Y,-37.83,144.98
2/03/2019,Melbourne,0,Y,-37.83,144.98
3/03/2019,Melbourne,0,Y,-37.83,144.98
4/03/2019,Melbourne,0,Y,-37.83,144.98
5/03/2019,Melbourne,0,Y,-37.83,144.98
6/03/2019,Melbourne,2,Y,-37.83,144.98
7/03/2019,Melbourne,1.4,Y,-37.83,144.98
8/03/2019,Melbourne,0,Y,-37.83,144.98
9/03/2019,Melbourne,0,Y,-37.83,144.98
10/03/2019,Melbourne,0,Y,-37.83,144.98
11/03/2019,Melbourne,0.4,Y,-37.83,144.98
12/03/2019,Melbourne,0,Y,-37.83,144.98
13/03/2019,Melbourne,0.4,Y,-37.83,144.98
14/03/2019,Melbourne,0,Y,-37.83,144.98
15/03/2019,Melbourne,0,Y,-37.83,144.98
16/03/2019,Melbourne,0,Y,-37.83,144.98
17/03/2019,Melbourne,0,Y,-37.83,144.98
18/03/2019,Melbourne,0,Y,-37.83,144.98
19/03/2019,Melbourne,0,Y,-37.83,144.98
20/03/2019,Melbourne,0,Y,-37.83,144.98
21/03/2019,Melbourne,0,Y,-37.83,144.98
22/03/2019,Melbourne,0,Y,-37.83,144.98
23/03/2019,Melbourne,5,Y,-37.83,144.98
24/03/2019,Melbourne,1.2,Y,-37.83,144.98
25/03/2019,Melbourne,0,Y,-37.83,144.98
26/03/2019,Melbourne,0,Y,-37.83,144.98
27/03/2019,Melbourne,0,Y,-37.83,144.98
28/03/2019,Melbourne,0,Y,-37.83,144.98
29/03/2019,Melbourne,0,Y,-37.83,144.98
30/03/2019,Melbourne,2.2,Y,-37.83,144.98
31/03/2019,Melbourne,2,Y,-37.83,144.98
1/04/2019,Melbourne,0.2,Y,-37.83,144.98
2/04/2019,Melbourne,0,Y,-37.83,144.98
3/04/2019,Melbourne,0,Y,-37.83,144.98
4/04/2019,Melbourne,0,Y,-37.83,144.98
5/04/2019,Melbourne,0,Y,-37.83,144.98
6/04/2019,Melbourne,0,Y,-37.83,144.98
7/04/2019,Melbourne,0,Y,-37.83,144.98
8/04/2019,Melbourne,0,Y,-37.83,144.98
9/04/2019,Melbourne,2.2,Y,-37.83,144.98
10/04/2019,Melbourne,1.8,Y,-37.83,144.98
11/04/2019,Melbourne,0,Y,-37.83,144.98
12/04/2019,Melbourne,0,Y,-37.83,144.98
13/04/2019,Melbourne,0,Y,-37.83,144.98
14/04/2019,Melbourne,0,Y,-37.83,144.98
15/04/2019,Melbourne,0,Y,-37.83,144.98
16/04/2019,Melbourne,0,Y,-37.83,144.98
17/04/2019,Melbourne,0,Y,-37.83,144.98
18/04/2019,Melbourne,0.4,Y,-37.83,144.98
19/04/2019,Melbourne,0,Y,-37.83,144.98
20/04/2019,Melbourne,0,Y,-37.83,144.98
21/04/2019,Melbourne,0,Y,-37.83,144.98
22/04/2019,Melbourne,1,Y,-37.83,144.98
23/04/2019,Melbourne,0,Y,-37.83,144.98
24/04/2019,Melbourne,0,Y,-37.83,144.98
25/04/2019,Melbourne,0,Y,-37.83,144.98
26/04/2019,Melbourne,0,Y,-37.83,144.98
27/04/2019,Melbourne,4,Y,-37.83,144.98
28/04/2019,Melbourne,2,Y,-37.83,144.98
1/05/2019,Melbourne,0,Y,-37.83,144.98
2/05/2019,Melbourne,4.2,Y,-37.83,144.98
3/05/2019,Melbourne,0.2,Y,-37.83,144.98
4/05/2019,Melbourne,0.4,Y,-37.83,144.98
5/05/2019,Melbourne,2.2,Y,-37.83,144.98
6/05/2019,Melbourne,0.2,Y,-37.83,144.98
7/05/2019,Melbourne,0,Y,-37.83,144.98
8/05/2019,Melbourne,5.6,Y,-37.83,144.98
9/05/2019,Melbourne,0.6,Y,-37.83,144.98
10/05/2019,Melbourne,8.6,Y,-37.83,144.98
11/05/2019,Melbourne,9.8,Y,-37.83,144.98
12/05/2019,Melbourne,0.1,Y,-37.83,144.98
13/05/2019,Melbourne,0,Y,-37.83,144.98
14/05/2019,Melbourne,0,Y,-37.83,144.98
15/05/2019,Melbourne,0,Y,-37.83,144.98
16/05/2019,Melbourne,0,Y,-37.83,144.98
17/05/2019,Melbourne,0,Y,-37.83,144.98
18/05/2019,Melbourne,0,Y,-37.83,144.98
19/05/2019,Melbourne,0,Y,-37.83,144.98
20/05/2019,Melbourne,0.6,Y,-37.83,144.98
21/05/2019,Melbourne,0.4,Y,-37.83,144.98
22/05/2019,Melbourne,0,Y,-37.83,144.98
23/05/2019,Melbourne,0,Y,-37.83,144.98
24/05/2019,Melbourne,0,Y,-37.83,144.98
25/05/2019,Melbourne,2.4,Y,-37.83,144.98
26/05/2019,Melbourne,8,Y,-37.83,144.98
27/05/2019,Melbourne,9.2,Y,-37.83,144.98
28/05/2019,Melbourne,0,Y,-37.83,144.98
29/05/2019,Melbourne,1,Y,-37.83,144.98
30/05/2019,Melbourne,7.6,Y,-37.83,144.98
31/05/2019,Melbourne,2.4,Y,-37.83,144.98
1/06/2019,Melbourne,2.2,N,-37.83,144.98
2/06/2019,Melbourne,0.2,N,-37.83,144.98
3/06/2019,Melbourne,17.4,N,-37.83,144.98
4/06/2019,Melbourne,4,N,-37.83,144.98
5/06/2019,Melbourne,0,N,-37.83,144.98
6/06/2019,Melbourne,0,N,-37.83,144.98
7/06/2019,Melbourne,0,N,-37.83,144.98
8/06/2019,Melbourne,0.1,N,-37.83,144.98
9/06/2019,Melbourne,0,N,-37.83,144.98
10/06/2019,Melbourne,4.6,N,-37.83,144.98
11/06/2019,Melbourne,0,N,-37.83,144.98
12/06/2019,Melbourne,0,N,-37.83,144.98
13/06/2019,Melbourne,4,N,-37.83,144.98
14/06/2019,Melbourne,2.2,N,-37.83,144.98
15/06/2019,Melbourne,3.6,N,-37.83,144.98
16/06/2019,Melbourne,0,N,-37.83,144.98
17/06/2019,Melbourne,1.4,N,-37.83,144.98
18/06/2019,Melbourne,0.2,N,-37.83,144.98
19/06/2019,Melbourne,1.2,N,-37.83,144.98
20/06/2019,Melbourne,1.8,N,-37.83,144.98
21/06/2019,Melbourne,4.4,N,-37.83,144.98
22/06/2019,Melbourne,1.8,N,-37.83,144.98
23/06/2019,Melbourne,0,N,-37.83,144.98
24/06/2019,Melbourne,0,N,-37.83,144.98
25/06/2019,Melbourne,0,N,-37.83,144.98
26/06/2019,Melbourne,0,N,-37.83,144.98
27/06/2019,Melbourne,0,N,-37.83,144.98
28/06/2019,Melbourne,0,N,-37.83,144.98
29/06/2019,Melbourne,1.2,N,-37.83,144.98
30/06/2019,Melbourne,7.2,N,-37.83,144.98
1/07/2019,Melbourne,0,N,-37.83,144.98
2/07/2019,Melbourne,0,N,-37.83,144.98
3/07/2019,Melbourne,0,N,-37.83,144.98
4/07/2019,Melbourne,0,N,-37.83,144.98
5/07/2019,Melbourne,0,N,-37.83,144.98
6/07/2019,Melbourne,0.4,N,-37.83,144.98
7/07/2019,Melbourne,0,N,-37.83,144.98
8/07/2019,Melbourne,6.2,N,-37.83,144.98
9/07/2019,Melbourne,0,N,-37.83,144.98
10/07/2019,Melbourne,0.2,N,-37.83,144.98
11/07/2019,Melbourne,7.8,N,-37.83,144.98
12/07/2019,Melbourne,2.6,N,-37.83,144.98
13/07/2019,Melbourne,3,N,-37.83,144.98
14/07/2019,Melbourne,1.4,N,-37.83,144.98
15/07/2019,Melbourne,5.2,N,-37.83,144.98
16/07/2019,Melbourne,2,N,-37.83,144.98
17/07/2019,Melbourne,0,N,-37.83,144.98
18/07/2019,Melbourne,1,N,-37.83,144.98
19/07/2019,Melbourne,1.4,N,-37.83,144.98
20/07/2019,Melbourne,0,N,-37.83,144.98
21/07/2019,Melbourne,0,N,-37.83,144.98
22/07/2019,Melbourne,0,N,-37.83,144.98
23/07/2019,Melbourne,2.4,N,-37.83,144.98
24/07/2019,Melbourne,8.2,N,-37.83,144.98
25/07/2019,Melbourne,0,N,-37.83,144.98
26/07/2019,Melbourne,0,N,-37.83,144.98
27/07/2019,Melbourne,8,N,-37.83,144.98
28/07/2019,Melbourne,2,N,-37.83,144.98
29/07/2019,Melbourne,0,N,-37.83,144.98
30/07/2019,Melbourne,1,N,-37.83,144.98
1/08/2019,Melbourne,0,N,-37.83,144.98
2/08/2019,Melbourne,0.6,N,-37.83,144.98
3/08/2019,Melbourne,0.2,N,-37.83,144.98
4/08/2019,Melbourne,1.2,N,-37.83,144.98
5/08/2019,Melbourne,0.2,N,-37.83,144.98
6/08/2019,Melbourne,0,N,-37.83,144.98
7/08/2019,Melbourne,0.6,N,-37.83,144.98
8/08/2019,Melbourne,12.6,N,-37.83,144.98
9/08/2019,Melbourne,2.2,N,-37.83,144.98
10/08/2019,Melbourne,4.8,N,-37.83,144.98
11/08/2019,Melbourne,6.8,N,-37.83,144.98
12/08/2019,Melbourne,14.4,N,-37.83,144.98
13/08/2019,Melbourne,0,N,-37.83,144.98
14/08/2019,Melbourne,0.4,N,-37.83,144.98
15/08/2019,Melbourne,0,N,-37.83,144.98
16/08/2019,Melbourne,0.4,N,-37.83,144.98
17/08/2019,Melbourne,4,N,-37.83,144.98
18/08/2019,Melbourne,0.1,N,-37.83,144.98
19/08/2019,Melbourne,4.4,N,-37.83,144.98
20/08/2019,Melbourne,0.4,N,-37.83,144.98
21/08/2019,Melbourne,0.2,N,-37.83,144.98
22/08/2019,Melbourne,1.6,N,-37.83,144.98
23/08/2019,Melbourne,0,N,-37.83,144.98
24/08/2019,Melbourne,0.6,N,-37.83,144.98
25/08/2019,Melbourne,1.2,N,-37.83,144.98
26/08/2019,Melbourne,0,N,-37.83,144.98
27/08/2019,Melbourne,0,N,-37.83,144.98
28/08/2019,Melbourne,0,N,-37.83,144.98
29/08/2019,Melbourne,7.4,N,-37.83,144.98
30/08/2019,Melbourne,0,N,-37.83,144.98
31/08/2019,Melbourne,0,N,-37.83,144.98
1/09/2019,Melbourne,0,N,-37.83,144.98
2/09/2019,Melbourne,2.4,N,-37.83,144.98
3/09/2019,Melbourne,1,N,-37.83,144.98
4/09/2019,Melbourne,0,N,-37.83,144.98
5/09/2019,Melbourne,3.2,N,-37.83,144.98
6/09/2019,Melbourne,3,N,-37.83,144.98
7/09/2019,Melbourne,2.2,N,-37.83,144.98
8/09/2019,Melbourne,4,N,-37.83,144.98
9/09/2019,Melbourne,5.8,N,-37.83,144.98
10/09/2019,Melbourne,2.2,N,-37.83,144.98
11/09/2019,Melbourne,0,N,-37.83,144.98
12/09/2019,Melbourne,0,N,-37.83,144.98
13/09/2019,Melbourne,0,N,-37.83,144.98
14/09/2019,Melbourne,0.2,N,-37.83,144.98
15/09/2019,Melbourne,2,N,-37.83,144.98
16/09/2019,Melbourne,16.8,N,-37.83,144.98
17/09/2019,Melbourne,0,N,-37.83,144.98
18/09/2019,Melbourne,0,N,-37.83,144.98
19/09/2019,Melbourne,0,N,-37.83,144.98
20/09/2019,Melbourne,0,N,-37.83,144.98
21/09/2019,Melbourne,0.2,N,-37.83,144.98
22/09/2019,Melbourne,4.4,N,-37.83,144.98
23/09/2019,Melbourne,2.8,N,-37.83,144.98
24/09/2019,Melbourne,1.2,N,-37.83,144.98
25/09/2019,Melbourne,0,N,-37.83,144.98
26/09/2019,Melbourne,0,N,-37.83,144.98
27/09/2019,Melbourne,0,N,-37.83,144.98
28/09/2019,Melbourne,0,N,-37.83,144.98
29/09/2019,Melbourne,0,N,-37.83,144.98
30/09/2019,Melbourne,0,N,-37.83,144.98
1/10/2019,Melbourne,0,N,-37.83,144.98
2/10/2019,Melbourne,0,N,-37.83,144.98
3/10/2019,Melbourne,0,N,-37.83,144.98
4/10/2019,Melbourne,0,N,-37.83,144.98
5/10/2019,Melbourne,2.1,N,-37.83,144.98
6/10/2019,Melbourne,0,N,-37.83,144.98
7/10/2019,Melbourne,0,N,-37.83,144.98
8/10/2019,Melbourne,3.2,N,-37.83,144.98
9/10/2019,Melbourne,6.2,N,-37.83,144.98
10/10/2019,Melbourne,0.6,N,-37.83,144.98
11/10/2019,Melbourne,0,N,-37.83,144.98
12/10/2019,Melbourne,0,N,-37.83,144.98
13/10/2019,Melbourne,0,N,-37.83,144.98
14/10/2019,Melbourne,0.6,N,-37.83,144.98
15/10/2019,Melbourne,0,N,-37.83,144.98
16/10/2019,Melbourne,0,N,-37.83,144.98
17/10/2019,Melbourne,4.4,N,-37.83,144.98
18/10/2019,Melbourne,0,N,-37.83,144.98
19/10/2019,Melbourne,1.6,N,-37.83,144.98
20/10/2019,Melbourne,0.7,N,-37.83,144.98
21/10/2019,Melbourne,0,N,-37.83,144.98
22/10/2019,Melbourne,0,N,-37.83,144.98
23/10/2019,Melbourne,0,N,-37.83,144.98
24/10/2019,Melbourne,0,N,-37.83,144.98
25/10/2019,Melbourne,0.6,N,-37.83,144.98
26/10/2019,Melbourne,4.1,N,-37.83,144.98
27/10/2019,Melbourne,2.4,N,-37.83,144.98
28/10/2019,Melbourne,1.2,N,-37.83,144.98
29/10/2019,Melbourne,0,N,-37.83,144.98
30/10/2019,Melbourne,0,N,-37.83,144.98
31/10/2019,Melbourne,0,N,-37.83,144.98
1/11/2019,Melbourne,0,N,-37.83,144.98
2/11/2019,Melbourne,10,N,-37.83,144.98
3/11/2019,Melbourne,10.2,N,-37.83,144.98
4/11/2019,Melbourne,1.2,N,-37.83,144.98
5/11/2019,Melbourne,11.2,N,-37.83,144.98
6/11/2019,Melbourne,0,N,-37.83,144.98
7/11/2019,Melbourne,0,N,-37.83,144.98
8/11/2019,Melbourne,6.8,N,-37.83,144.98
9/11/2019,Melbourne,7.6,N,-37.83,144.98
10/11/2019,Melbourne,0.4,N,-37.83,144.98
11/11/2019,Melbourne,0,N,-37.83,144.98
12/11/2019,Melbourne,0,N,-37.83,144.98
13/11/2019,Melbourne,1.4,N,-37.83,144.98
14/11/2019,Melbourne,1,N,-37.83,144.98
15/11/2019,Melbourne,0,N,-37.83,144.98
16/11/2019,Melbourne,0,N,-37.83,144.98
17/11/2019,Melbourne,0,N,-37.83,144.98
18/11/2019,Melbourne,0,N,-37.83,144.98
19/11/2019,Melbourne,0,N,-37.83,144.98
20/11/2019,Melbourne,0,N,-37.83,144.98
21/11/2019,Melbourne,0,N,-37.83,144.98
22/11/2019,Melbourne,0,N,-37.83,144.98
23/11/2019,Melbourne,0,N,-37.83,144.98
24/11/2019,Melbourne,0,N,-37.83,144.98
25/11/2019,Melbourne,0,N,-37.83,144.98
26/11/2019,Melbourne,1.8,N,-37.83,144.98
27/11/2019,Melbourne,0,N,-37.83,144.98
28/11/2019,Melbourne,0,N,-37.83,144.98
29/11/2019,Melbourne,0,N,-37.83,144.98
30/11/2019,Melbourne,9.2,N,-37.83,144.98
1/12/2019,Melbourne,0,N,-37.83,144.98
2/12/2019,Melbourne,3.6,N,-37.83,144.98
3/12/2019,Melbourne,0,N,-37.83,144.98
4/12/2019,Melbourne,0,N,-37.83,144.98
5/12/2019,Melbourne,0,N,-37.83,144.98
6/12/2019,Melbourne,0,N,-37.83,144.98
7/12/2019,Melbourne,0,N,-37.83,144.98
8/12/2019,Melbourne,0,N,-37.83,144.98
9/12/2019,Melbourne,0,N,-37.83,144.98
10/12/2019,Melbourne,0,N,-37.83,144.98
11/12/2019,Melbourne,0,N,-37.83,144.98
12/12/2019,Melbourne,0,N,-37.83,144.98
13/12/2019,Melbourne,0,N,-37.83,144.98
14/12/2019,Melbourne,0.2,N,-37.83,144.98
15/12/2019,Melbourne,0,N,-37.83,144.98
16/12/2019,Melbourne,0,N,-37.83,144.98
17/12/2019,Melbourne,0.6,N,-37.83,144.98
18/12/2019,Melbourne,0,N,-37.83,144.98
19/12/2019,Melbourne,0,N,-37.83,144.98
20/12/2019,Melbourne,0,N,-37.83,144.98
21/12/2019,Melbourne,0,N,-37.83,144.98
22/12/2019,Melbourne,0,N,-37.83,144.98
23/12/2019,Melbourne,0,N,-37.83,144.98
24/12/2019,Melbourne,0,N,-37.83,144.98
25/12/2019,Melbourne,0,N,-37.83,144.98
26/12/2019,Melbourne,0,N,-37.83,144.98
27/12/2019,Melbourne,0,N,-37.83,144.98
28/12/2019,Melbourne,0,N,-37.83,144.98
29/12/2019,Melbourne,0,N,-37.83,144.98
30/12/2019,Melbourne,0,N,-37.83,144.98
31/12/2019,Melbourne,0,N,-37.83,144.98
